from_link_id	to_link_id	strength_ll	contrib	distance	lexical
29826d4e-37ee-4b03-8b89-7981b1a547ae	bcbd6ab4-b034-4580-9903-77d39c560e29	0.716869	0.472323	6.000000	0.121951
14dc04ff-9dfe-4411-91d2-fb38e6e04ab3	bcbd6ab4-b034-4580-9903-77d39c560e29	0.500000	0.356924	8.000000	0.000000
2aa3091a-c56b-46cc-be95-34bb955758d3	70af8928-b1c2-4ae0-8d92-86c66e8ade43	0.876013	0.839852	4.000000	0.083333
f7f71261-f682-49fc-835a-7ab51bc31df3	70af8928-b1c2-4ae0-8d92-86c66e8ade43	0.653147	0.428434	6.000000	0.000000
28aad481-4917-4009-a0f9-0bb576288c90	70af8928-b1c2-4ae0-8d92-86c66e8ade43	0.702133	0.420642	6.000000	0.093750
39f95dbf-f3eb-459b-b975-bfc122149628	6bf0b560-ed82-4c44-b8ce-14300bcfe835	0.681391	0.366983	6.000000	0.054054
a8361df1-5565-4c5e-8237-7b513c56a7d2	6bf0b560-ed82-4c44-b8ce-14300bcfe835	0.600696	0.353667	7.000000	0.060606
f3676488-3272-4ede-ae3a-52c8f60c6024	9cf30066-f9a0-4abe-b138-bee0e74aa87f	0.587704	0.370424	7.000000	0.032258
42826b9f-abfa-479c-b6a7-f89792892c56	7026143c-2ae1-4ed3-98b7-9cb859da4e77	0.873882	1.664111	5.000000	0.230769
b0175a00-c65b-4365-8256-f3e6fecfbf7b	7026143c-2ae1-4ed3-98b7-9cb859da4e77	1.091975	0.941536	3.000000	0.272727
a410e71c-c792-44ed-9c56-5e2ccfc55de2	7026143c-2ae1-4ed3-98b7-9cb859da4e77	0.836051	0.787373	5.000000	0.166667
2c4d26f2-f2db-463e-b959-d09d75170dd2	7026143c-2ae1-4ed3-98b7-9cb859da4e77	0.821262	0.670354	4.000000	0.000000
7026143c-2ae1-4ed3-98b7-9cb859da4e77	42826b9f-abfa-479c-b6a7-f89792892c56	0.873882	1.094746	5.000000	0.230769
a410e71c-c792-44ed-9c56-5e2ccfc55de2	42826b9f-abfa-479c-b6a7-f89792892c56	1.100000	1.035954	0.000000	0.125000
1a756abd-317c-42eb-af6b-28ff17a610a3	42826b9f-abfa-479c-b6a7-f89792892c56	0.737692	0.589758	5.000000	0.000000
b0175a00-c65b-4365-8256-f3e6fecfbf7b	42826b9f-abfa-479c-b6a7-f89792892c56	0.530769	0.457646	8.000000	0.076923
96e9866d-d6a9-4aed-b025-18c33eeb98bd	4d9f08a7-ba5a-42a3-a315-d64fa75b0592	0.572919	0.699802	7.000000	0.000000
d7052d4e-4f81-4f6c-b8b1-2a02e6533196	4d9f08a7-ba5a-42a3-a315-d64fa75b0592	0.821262	0.679182	4.000000	0.000000
4027bd9e-2216-469d-bb61-d277920cd9cd	3d552445-b5e3-4cf5-8085-37210ceabfee	1.033792	0.901478	2.000000	0.103448
127a04fa-253a-4ddf-84d4-f1faa20206b2	f2329d2b-488e-463a-848e-f1206289b5d8	0.836905	1.529369	4.000000	0.023810
cca70865-5cff-4187-aa50-56ed93e76192	f2329d2b-488e-463a-848e-f1206289b5d8	0.894263	0.814430	4.000000	0.111111
de607b08-77ac-47df-a859-4d6839e97407	27575df1-a8f3-48dd-ad82-60c8da4f9500	0.611113	0.451025	7.000000	0.083333
d1b34a08-a532-401c-a066-ead591721a81	27575df1-a8f3-48dd-ad82-60c8da4f9500	0.585650	0.415048	7.000000	0.027778
81d4d1d4-0962-49ed-a610-319e3d5fc044	9ed37619-2f42-4627-ac53-0e0768eb1e7d	1.010665	1.214851	2.000000	0.073171
9ed37619-2f42-4627-ac53-0e0768eb1e7d	81d4d1d4-0962-49ed-a610-319e3d5fc044	1.010665	1.168487	2.000000	0.073171
17dcd45c-be78-4194-bfe3-de8d4251350d	9511bbc6-c62e-4a72-bb17-93226565e37c	0.821262	1.519671	4.000000	0.000000
117d3999-59c8-475a-aafd-5bac1142cbb7	9511bbc6-c62e-4a72-bb17-93226565e37c	0.915121	0.916461	4.000000	0.142857
50c01b24-070c-4398-be08-dd799ac54102	9511bbc6-c62e-4a72-bb17-93226565e37c	0.709131	0.714631	6.000000	0.107143
69a39a55-f465-46fe-8f63-6e8f797315f5	9511bbc6-c62e-4a72-bb17-93226565e37c	0.572919	0.601445	7.000000	0.000000
33d70d59-662d-4ee6-aed1-f90dd058575f	20295f0e-9fce-4ccc-85d2-099cee61af98	0.975420	0.676940	2.000000	0.027027
046f0c43-26c3-447e-a8ba-65200700370f	53a19fab-3153-455b-b473-a23d83831401	0.682176	0.388880	6.000000	0.055556
d27bfdfb-29ef-4a7a-b5ce-70853b7ac2c6	ca30e772-7096-40eb-98d4-68051c0ec949	0.587242	1.053743	7.000000	0.031250
a2583c9b-e055-443f-9222-19f9fc85b011	ca30e772-7096-40eb-98d4-68051c0ec949	0.756134	0.778192	5.000000	0.031250
561be1e9-150c-46db-b28b-568c5a463d65	ca30e772-7096-40eb-98d4-68051c0ec949	0.718462	0.714676	6.000000	0.125000
554aba7c-6e38-4652-ba21-7fc873169eb1	0ed74c20-a5eb-45bc-b3dc-d2365666d9ca	0.653147	0.543241	6.000000	0.000000
f3059f31-259b-498e-b86d-f8ef10734d40	0ed74c20-a5eb-45bc-b3dc-d2365666d9ca	0.896398	0.415513	3.000000	0.000000
c4bed78f-1ed0-48c9-a3a3-e5842de9e740	0ed74c20-a5eb-45bc-b3dc-d2365666d9ca	0.572919	0.264726	7.000000	0.000000
1feb00fb-8501-4970-96ac-ca2ad7f9777c	bd241144-4f27-448b-8972-d50b6e4c2e18	0.653147	0.818651	6.000000	0.000000
f2329d2b-488e-463a-848e-f1206289b5d8	127a04fa-253a-4ddf-84d4-f1faa20206b2	0.836905	1.031743	4.000000	0.023810
cca70865-5cff-4187-aa50-56ed93e76192	127a04fa-253a-4ddf-84d4-f1faa20206b2	1.057143	0.962768	0.000000	0.071429
9417c4e4-6175-47fd-a671-4febe2880c13	0d1cf4a4-5d9a-4d6a-8f70-585d42cd9936	0.954776	1.168438	2.000000	0.000000
9d237644-f20e-49ec-8bda-7030dacec0c2	0d1cf4a4-5d9a-4d6a-8f70-585d42cd9936	0.989797	0.683763	1.000000	0.000000
392ec4e4-4772-4917-9f97-8cc7712947cd	0d1cf4a4-5d9a-4d6a-8f70-585d42cd9936	0.989797	0.632041	1.000000	0.000000
9d98abe7-28a0-409c-ac90-bf328c85a5d4	0d1cf4a4-5d9a-4d6a-8f70-585d42cd9936	0.500000	0.274726	8.000000	0.000000
e7e38e52-d07c-4ede-9ce5-a963b7a351d2	692e15e6-2b15-4855-be62-8d1d75608c72	0.862326	0.543682	4.000000	0.062500
fb708ea6-0b4b-4173-886f-ec803ed780ad	4e5d4cc3-f67f-4ec1-bdf9-93d534172246	0.760390	0.418545	5.000000	0.038462
c23f6842-bcb5-4c38-9119-ef8494f6e5d7	7a8e4d6d-62bf-4e62-8362-fbe9ded5fbc2	0.954776	1.227627	2.000000	0.000000
400bdd3c-77cb-4f41-849c-92dfa4c24032	7a8e4d6d-62bf-4e62-8362-fbe9ded5fbc2	0.989797	0.757015	1.000000	0.000000
0b3f7ee5-9a0a-46b2-87d5-142c9d9280bf	7a8e4d6d-62bf-4e62-8362-fbe9ded5fbc2	0.896398	0.681466	3.000000	0.000000
b3ec63f0-4fe4-4b40-a1ee-3fbda184a07c	7a8e4d6d-62bf-4e62-8362-fbe9ded5fbc2	0.896398	0.574455	3.000000	0.000000
271e453f-9948-48b0-94cf-fdf28eede70b	7a8e4d6d-62bf-4e62-8362-fbe9ded5fbc2	0.737692	0.500676	5.000000	0.000000
cf7d3705-d177-493c-8ebb-ba3510bc6e8d	18b83170-3fbb-4c4a-bc13-8aaed6f4583c	1.010665	1.360832	2.000000	0.073171
a3c5afb5-1805-4c50-9d26-7fec7046d4f8	18b83170-3fbb-4c4a-bc13-8aaed6f4583c	0.885361	0.656416	4.000000	0.097561
ff03fb47-7b7e-4f22-98b9-cb065aae0717	18b83170-3fbb-4c4a-bc13-8aaed6f4583c	0.509756	0.356450	8.000000	0.024390
70af8928-b1c2-4ae0-8d92-86c66e8ade43	2aa3091a-c56b-46cc-be95-34bb955758d3	0.876013	0.884918	4.000000	0.083333
f7f71261-f682-49fc-835a-7ab51bc31df3	2aa3091a-c56b-46cc-be95-34bb955758d3	0.954776	0.626289	2.000000	0.000000
28aad481-4917-4009-a0f9-0bb576288c90	2aa3091a-c56b-46cc-be95-34bb955758d3	1.002515	0.600599	2.000000	0.062500
9a62878d-15be-40a9-a597-9164abf65db2	2aa3091a-c56b-46cc-be95-34bb955758d3	0.572919	0.344977	7.000000	0.000000
d454a047-7f96-4e46-b9fa-ab6a7bd3ad24	a93be689-6b6a-4e7d-95d6-49cf36f091e7	0.722816	0.432336	6.000000	0.133333
e5aefce5-a787-4390-822f-e73b391811f0	a93be689-6b6a-4e7d-95d6-49cf36f091e7	0.737692	0.393183	5.000000	0.000000
458a9fc2-c544-46e3-bcc4-955548a73de1	3783fe38-8a9b-4d1a-aa91-fba635005d04	0.603474	0.318392	7.000000	0.066667
6a90cded-b2a5-48ac-980b-7e99e8d2093e	f11dda63-656d-4e71-99cb-c74c93e337b6	0.961590	0.582525	3.000000	0.090909
a6ec95c2-1c31-444d-be5a-3a7c6919b590	f11dda63-656d-4e71-99cb-c74c93e337b6	0.961590	0.582525	3.000000	0.090909
81a0ba3d-6a0c-44d4-b733-fa4baf7499bc	342aad81-bb41-4643-9859-e8c221826d32	0.896398	1.584965	3.000000	0.000000
808d34d4-3c48-4347-a1f5-886c8d8c0101	342aad81-bb41-4643-9859-e8c221826d32	0.954776	0.968570	2.000000	0.000000
96e9866d-d6a9-4aed-b025-18c33eeb98bd	342aad81-bb41-4643-9859-e8c221826d32	0.718462	0.877578	6.000000	0.125000
fb6def1e-867f-4813-aeda-5911ac058efd	342aad81-bb41-4643-9859-e8c221826d32	0.821262	0.787465	4.000000	0.000000
2fa402e6-936e-46d7-8d21-eb117a77c395	342aad81-bb41-4643-9859-e8c221826d32	0.821262	0.764957	4.000000	0.000000
81a0ba3d-6a0c-44d4-b733-fa4baf7499bc	96e9866d-d6a9-4aed-b025-18c33eeb98bd	0.896398	1.584965	3.000000	0.000000
342aad81-bb41-4643-9859-e8c221826d32	96e9866d-d6a9-4aed-b025-18c33eeb98bd	0.718462	1.284753	6.000000	0.125000
fb6def1e-867f-4813-aeda-5911ac058efd	96e9866d-d6a9-4aed-b025-18c33eeb98bd	0.954776	0.915484	2.000000	0.000000
808d34d4-3c48-4347-a1f5-886c8d8c0101	96e9866d-d6a9-4aed-b025-18c33eeb98bd	0.821262	0.833127	4.000000	0.000000
d7052d4e-4f81-4f6c-b8b1-2a02e6533196	96e9866d-d6a9-4aed-b025-18c33eeb98bd	0.896398	0.741318	3.000000	0.000000
0f4474f2-a50b-4bd7-aa4c-b9abbfcf25c7	27d339b5-7480-482c-a472-8b52d5c4d78a	0.896398	1.030857	3.000000	0.000000
75d7cd90-8c1c-4fbd-a488-34c22074c469	668fc0dc-2f79-4369-a455-3454e03d6c2b	0.675865	0.621550	6.000000	0.043478
5db0ae7d-ea23-4db8-816f-b9b2cab10353	668fc0dc-2f79-4369-a455-3454e03d6c2b	0.821262	0.469350	4.000000	0.000000
6d45a15f-999b-4602-9caf-91651e97750b	75d7cd90-8c1c-4fbd-a488-34c22074c469	0.813841	0.851070	5.000000	0.129032
668fc0dc-2f79-4369-a455-3454e03d6c2b	75d7cd90-8c1c-4fbd-a488-34c22074c469	0.675865	0.628720	6.000000	0.043478
03466c7b-c9e4-48dd-b764-6d68b02049c5	6d45a15f-999b-4602-9caf-91651e97750b	0.641181	1.172074	7.000000	0.148936
75d7cd90-8c1c-4fbd-a488-34c22074c469	6d45a15f-999b-4602-9caf-91651e97750b	0.813841	0.748437	5.000000	0.129032
6d45a15f-999b-4602-9caf-91651e97750b	03466c7b-c9e4-48dd-b764-6d68b02049c5	0.641181	0.670512	7.000000	0.148936
117d3999-59c8-475a-aafd-5bac1142cbb7	988c05d5-c93f-47d9-8d49-816f72aa9ccf	0.851183	0.852430	5.000000	0.192308
9511bbc6-c62e-4a72-bb17-93226565e37c	17dcd45c-be78-4194-bfe3-de8d4251350d	0.821262	1.148479	4.000000	0.000000
69a39a55-f465-46fe-8f63-6e8f797315f5	17dcd45c-be78-4194-bfe3-de8d4251350d	0.961590	1.009469	3.000000	0.090909
71c967d2-b3c3-4bed-9dad-2ce78db74e81	17dcd45c-be78-4194-bfe3-de8d4251350d	0.653147	0.995617	6.000000	0.000000
50c01b24-070c-4398-be08-dd799ac54102	17dcd45c-be78-4194-bfe3-de8d4251350d	0.954776	0.962182	2.000000	0.000000
117d3999-59c8-475a-aafd-5bac1142cbb7	17dcd45c-be78-4194-bfe3-de8d4251350d	0.500000	0.500732	8.000000	0.000000
25e72890-5f44-4bd2-9bd1-eb4812d93102	667d5602-0bff-41fb-aace-67e1e24b9dd9	1.168421	1.558473	0.000000	0.210526
4eea71d1-20f3-46af-8d16-3e242ce9ad14	f55b33d7-d96a-41fb-ba84-56af1e27e71b	1.050254	0.639484	2.000000	0.125000
f6af0064-6af4-4531-af1f-4dd901dfe895	f55b33d7-d96a-41fb-ba84-56af1e27e71b	0.572919	0.336677	7.000000	0.000000
bfee0b3f-f6d8-4f0b-a2b6-9790114249ab	b0a8ea10-14ad-43a2-a3f7-cea38c74740e	0.896398	0.532000	3.000000	0.000000
d27bfdfb-29ef-4a7a-b5ce-70853b7ac2c6	b741aaa0-7f69-44be-a50e-801ececef9ec	0.954776	1.713244	2.000000	0.000000
561be1e9-150c-46db-b28b-568c5a463d65	b741aaa0-7f69-44be-a50e-801ececef9ec	1.039821	1.034343	3.000000	0.200000
a2583c9b-e055-443f-9222-19f9fc85b011	b741aaa0-7f69-44be-a50e-801ececef9ec	0.821262	0.845220	4.000000	0.000000
11cd8d35-9d20-496d-937e-6e48e1f04829	4c51bc38-f31d-419c-8ac8-16e90002b472	1.072287	0.947435	2.000000	0.153846
1662ebf6-5901-491a-b17d-9a1267f81884	4c51bc38-f31d-419c-8ac8-16e90002b472	0.737692	0.659070	5.000000	0.000000
8b4d33b7-e536-48bc-9414-588ebf8adf0f	4c51bc38-f31d-419c-8ac8-16e90002b472	0.682176	0.498254	6.000000	0.055556
b66188ab-1a66-4365-8cbe-5cdaf69317e3	ca5725ed-069d-4441-bd92-ba391029c106	0.836905	0.733570	4.000000	0.023810
1662ebf6-5901-491a-b17d-9a1267f81884	ca5725ed-069d-4441-bd92-ba391029c106	0.737692	0.659070	5.000000	0.000000
1bd320eb-7115-40b1-81e9-c10f717f3f75	ca5725ed-069d-4441-bd92-ba391029c106	0.572919	0.658751	7.000000	0.000000
11cd8d35-9d20-496d-937e-6e48e1f04829	ca5725ed-069d-4441-bd92-ba391029c106	0.500000	0.441782	8.000000	0.000000
e7d5d9c9-ed6c-41b5-a56b-1df5a1dcd45b	1bd320eb-7115-40b1-81e9-c10f717f3f75	0.651490	1.106624	7.000000	0.171429
b66188ab-1a66-4365-8cbe-5cdaf69317e3	1bd320eb-7115-40b1-81e9-c10f717f3f75	0.947620	0.830614	3.000000	0.071429
4075e064-ec4e-4481-a413-25531b3c6b22	1bd320eb-7115-40b1-81e9-c10f717f3f75	0.801839	0.712272	5.000000	0.108696
ca5725ed-069d-4441-bd92-ba391029c106	1bd320eb-7115-40b1-81e9-c10f717f3f75	0.572919	0.629708	7.000000	0.000000
4075e064-ec4e-4481-a413-25531b3c6b22	e7d5d9c9-ed6c-41b5-a56b-1df5a1dcd45b	1.120824	0.995625	2.000000	0.217391
1bd320eb-7115-40b1-81e9-c10f717f3f75	e7d5d9c9-ed6c-41b5-a56b-1df5a1dcd45b	0.651490	0.749094	7.000000	0.171429
dc6d1d3f-9a9d-464d-a7ea-b2ee45a8fcb8	e7d5d9c9-ed6c-41b5-a56b-1df5a1dcd45b	0.668076	0.459074	6.000000	0.028571
0ed74c20-a5eb-45bc-b3dc-d2365666d9ca	554aba7c-6e38-4652-ba21-7fc873169eb1	0.653147	0.607702	6.000000	0.000000
b317171a-d940-4f08-b27c-ffe176461996	554aba7c-6e38-4652-ba21-7fc873169eb1	0.653147	0.362559	6.000000	0.000000
05324450-047f-4664-bf56-42ba95606669	172433a5-2a26-4911-89dc-e073b63a7336	0.958756	0.654549	3.000000	0.086957
edaf8d67-d0a2-44bf-bccf-978915a511b4	172433a5-2a26-4911-89dc-e073b63a7336	0.620333	0.423396	7.000000	0.103448
983dd73f-8341-430b-bf2c-655b4670c871	cc56334a-4455-4a29-bb82-2892d996cd5a	0.807122	0.492847	5.000000	0.117647
1614259e-c197-4542-b694-0c4ad173693b	1a512002-f84b-408f-a61b-5727882beb23	0.954776	0.645334	2.000000	0.000000
0172614a-7976-4e89-acb5-e3ae419e3df4	1a512002-f84b-408f-a61b-5727882beb23	0.857763	0.510974	4.000000	0.055556
bbae1c6c-7c71-4f53-9a2f-b8a5f4ee03ec	3046803e-bc6a-48ef-8a9f-220b2d77cd33	0.912334	0.637129	3.000000	0.022222
557e249e-1266-4ff6-8e3e-e26698f055f3	3046803e-bc6a-48ef-8a9f-220b2d77cd33	0.664758	0.433628	6.000000	0.022222
1614259e-c197-4542-b694-0c4ad173693b	3046803e-bc6a-48ef-8a9f-220b2d77cd33	0.572919	0.387236	7.000000	0.000000
d9e864a3-ecf6-4438-b2d7-3291146cd19b	9392d3b2-1dc9-4a6c-b90f-0d0ad44277ef	0.913075	0.511041	3.000000	0.023256
ff491b3c-084f-421c-8e2f-49208a633b0a	9392d3b2-1dc9-4a6c-b90f-0d0ad44277ef	0.843534	0.406409	4.000000	0.033898
4a842049-b5e1-4379-90e4-0ab8f20aec40	9392d3b2-1dc9-4a6c-b90f-0d0ad44277ef	0.737692	0.401234	5.000000	0.000000
d1e4effe-518d-4154-a29f-b763bb4b3e86	9392d3b2-1dc9-4a6c-b90f-0d0ad44277ef	0.779846	0.375725	5.000000	0.071429
74fe86e5-eee8-4bcd-a2a6-bab074f7bc90	0f2f8062-4fa9-4f83-bb9d-94b0bca4172e	0.821262	0.415095	4.000000	0.000000
eebbf5b8-87f1-44e6-9257-83b7e85a6d76	0f2f8062-4fa9-4f83-bb9d-94b0bca4172e	0.603474	0.296146	7.000000	0.066667
eebbf5b8-87f1-44e6-9257-83b7e85a6d76	74fe86e5-eee8-4bcd-a2a6-bab074f7bc90	0.896398	0.439893	3.000000	0.000000
0f2f8062-4fa9-4f83-bb9d-94b0bca4172e	74fe86e5-eee8-4bcd-a2a6-bab074f7bc90	0.821262	0.369568	4.000000	0.000000
74fe86e5-eee8-4bcd-a2a6-bab074f7bc90	eebbf5b8-87f1-44e6-9257-83b7e85a6d76	0.896398	0.453071	3.000000	0.000000
0f2f8062-4fa9-4f83-bb9d-94b0bca4172e	eebbf5b8-87f1-44e6-9257-83b7e85a6d76	0.603474	0.271563	7.000000	0.066667
0d1cf4a4-5d9a-4d6a-8f70-585d42cd9936	9d98abe7-28a0-409c-ac90-bf328c85a5d4	0.500000	0.490755	8.000000	0.000000
9417c4e4-6175-47fd-a671-4febe2880c13	392ec4e4-4772-4917-9f97-8cc7712947cd	1.093080	1.337692	1.000000	0.130435
0d1cf4a4-5d9a-4d6a-8f70-585d42cd9936	392ec4e4-4772-4917-9f97-8cc7712947cd	0.989797	0.971495	1.000000	0.000000
9d237644-f20e-49ec-8bda-7030dacec0c2	392ec4e4-4772-4917-9f97-8cc7712947cd	1.038095	0.717128	0.000000	0.047619
0d1cf4a4-5d9a-4d6a-8f70-585d42cd9936	9417c4e4-6175-47fd-a671-4febe2880c13	0.954776	0.937122	2.000000	0.000000
392ec4e4-4772-4917-9f97-8cc7712947cd	9417c4e4-6175-47fd-a671-4febe2880c13	1.093080	0.697993	1.000000	0.130435
9d237644-f20e-49ec-8bda-7030dacec0c2	9417c4e4-6175-47fd-a671-4febe2880c13	0.989797	0.683763	1.000000	0.000000
9417c4e4-6175-47fd-a671-4febe2880c13	9d237644-f20e-49ec-8bda-7030dacec0c2	0.989797	1.211296	1.000000	0.000000
0d1cf4a4-5d9a-4d6a-8f70-585d42cd9936	9d237644-f20e-49ec-8bda-7030dacec0c2	0.989797	0.971495	1.000000	0.000000
392ec4e4-4772-4917-9f97-8cc7712947cd	9d237644-f20e-49ec-8bda-7030dacec0c2	1.038095	0.662882	0.000000	0.047619
172433a5-2a26-4911-89dc-e073b63a7336	05324450-047f-4664-bf56-42ba95606669	0.958756	1.413064	3.000000	0.086957
172433a5-2a26-4911-89dc-e073b63a7336	edaf8d67-d0a2-44bf-bccf-978915a511b4	0.620333	0.914279	7.000000	0.103448
c966746f-cecc-460a-b7c4-27a9925dd7c4	edaf8d67-d0a2-44bf-bccf-978915a511b4	0.991148	0.719804	2.000000	0.047619
9af4de25-386e-4de8-875d-fdc4ed2292b4	edaf8d67-d0a2-44bf-bccf-978915a511b4	0.883835	0.640682	4.000000	0.095238
7d8932ab-bb21-40cd-99bb-58f3eb0b372f	edaf8d67-d0a2-44bf-bccf-978915a511b4	0.653147	0.415171	6.000000	0.000000
9af4de25-386e-4de8-875d-fdc4ed2292b4	c966746f-cecc-460a-b7c4-27a9925dd7c4	0.954776	0.692106	2.000000	0.000000
edaf8d67-d0a2-44bf-bccf-978915a511b4	c966746f-cecc-460a-b7c4-27a9925dd7c4	0.991148	0.676489	2.000000	0.047619
7d8932ab-bb21-40cd-99bb-58f3eb0b372f	c966746f-cecc-460a-b7c4-27a9925dd7c4	0.821262	0.522033	4.000000	0.000000
c966746f-cecc-460a-b7c4-27a9925dd7c4	9af4de25-386e-4de8-875d-fdc4ed2292b4	0.954776	0.693389	2.000000	0.000000
7d8932ab-bb21-40cd-99bb-58f3eb0b372f	9af4de25-386e-4de8-875d-fdc4ed2292b4	1.024214	0.651039	2.000000	0.090909
edaf8d67-d0a2-44bf-bccf-978915a511b4	9af4de25-386e-4de8-875d-fdc4ed2292b4	0.883835	0.603244	4.000000	0.095238
9af4de25-386e-4de8-875d-fdc4ed2292b4	7d8932ab-bb21-40cd-99bb-58f3eb0b372f	1.024214	0.742441	2.000000	0.090909
c966746f-cecc-460a-b7c4-27a9925dd7c4	7d8932ab-bb21-40cd-99bb-58f3eb0b372f	0.821262	0.596427	4.000000	0.000000
edaf8d67-d0a2-44bf-bccf-978915a511b4	7d8932ab-bb21-40cd-99bb-58f3eb0b372f	0.653147	0.445793	6.000000	0.000000
e7e38e52-d07c-4ede-9ce5-a963b7a351d2	7d8932ab-bb21-40cd-99bb-58f3eb0b372f	0.572919	0.361216	7.000000	0.000000
692e15e6-2b15-4855-be62-8d1d75608c72	e7e38e52-d07c-4ede-9ce5-a963b7a351d2	0.862326	0.763087	4.000000	0.062500
7d8932ab-bb21-40cd-99bb-58f3eb0b372f	e7e38e52-d07c-4ede-9ce5-a963b7a351d2	0.572919	0.364174	7.000000	0.000000
bf0d6f03-427a-4304-9829-1caba7d578c3	317a4fa5-7d6b-42e3-8f27-dcb9bc07aa28	0.869336	0.521014	4.000000	0.073171
317a4fa5-7d6b-42e3-8f27-dcb9bc07aa28	bf0d6f03-427a-4304-9829-1caba7d578c3	0.869336	0.516045	4.000000	0.073171
5d965d81-5804-4d15-8fe3-dadc46eb4efe	a8e838f2-ba3d-4fb0-af62-665fec8bcf96	0.956158	0.700085	3.000000	0.083333
3abdfa03-f873-4812-b7b9-c49962afa844	a8e838f2-ba3d-4fb0-af62-665fec8bcf96	0.944206	0.628208	3.000000	0.066667
b69643cf-0cce-494c-8041-bd4804448530	a8e838f2-ba3d-4fb0-af62-665fec8bcf96	0.839019	0.551913	4.000000	0.027027
5d965d81-5804-4d15-8fe3-dadc46eb4efe	3abdfa03-f873-4812-b7b9-c49962afa844	1.026667	0.751711	0.000000	0.033333
b69643cf-0cce-494c-8041-bd4804448530	3abdfa03-f873-4812-b7b9-c49962afa844	1.032599	0.679251	1.000000	0.054054
a8e838f2-ba3d-4fb0-af62-665fec8bcf96	3abdfa03-f873-4812-b7b9-c49962afa844	0.944206	0.607311	3.000000	0.066667
16553bf2-bb59-4894-aa63-b80a1714351e	3abdfa03-f873-4812-b7b9-c49962afa844	0.687981	0.466101	6.000000	0.066667
faac8167-3685-4d60-8894-aee15d2a1f1b	3abdfa03-f873-4812-b7b9-c49962afa844	0.617634	0.373553	7.000000	0.097561
5d965d81-5804-4d15-8fe3-dadc46eb4efe	b69643cf-0cce-494c-8041-bd4804448530	1.032599	0.756054	1.000000	0.054054
3abdfa03-f873-4812-b7b9-c49962afa844	b69643cf-0cce-494c-8041-bd4804448530	1.032599	0.687018	1.000000	0.054054
a8e838f2-ba3d-4fb0-af62-665fec8bcf96	b69643cf-0cce-494c-8041-bd4804448530	0.839019	0.539655	4.000000	0.027027
16553bf2-bb59-4894-aa63-b80a1714351e	b69643cf-0cce-494c-8041-bd4804448530	0.753642	0.510586	5.000000	0.027027
faac8167-3685-4d60-8894-aee15d2a1f1b	b69643cf-0cce-494c-8041-bd4804448530	0.742357	0.448986	6.000000	0.170732
3abdfa03-f873-4812-b7b9-c49962afa844	5d965d81-5804-4d15-8fe3-dadc46eb4efe	1.026667	0.683072	0.000000	0.033333
b69643cf-0cce-494c-8041-bd4804448530	5d965d81-5804-4d15-8fe3-dadc46eb4efe	1.032599	0.679251	1.000000	0.054054
a8e838f2-ba3d-4fb0-af62-665fec8bcf96	5d965d81-5804-4d15-8fe3-dadc46eb4efe	0.956158	0.614998	3.000000	0.083333
16553bf2-bb59-4894-aa63-b80a1714351e	5d965d81-5804-4d15-8fe3-dadc46eb4efe	0.705399	0.477902	6.000000	0.100000
faac8167-3685-4d60-8894-aee15d2a1f1b	5d965d81-5804-4d15-8fe3-dadc46eb4efe	0.584098	0.353269	7.000000	0.024390
16553bf2-bb59-4894-aa63-b80a1714351e	faac8167-3685-4d60-8894-aee15d2a1f1b	1.028423	0.696748	1.000000	0.048780
b69643cf-0cce-494c-8041-bd4804448530	faac8167-3685-4d60-8894-aee15d2a1f1b	0.742357	0.488328	6.000000	0.170732
5d965d81-5804-4d15-8fe3-dadc46eb4efe	faac8167-3685-4d60-8894-aee15d2a1f1b	0.584098	0.427668	7.000000	0.024390
3abdfa03-f873-4812-b7b9-c49962afa844	faac8167-3685-4d60-8894-aee15d2a1f1b	0.617634	0.410930	7.000000	0.097561
29fd9e06-d6c7-47d4-9171-6d272f4eb682	faac8167-3685-4d60-8894-aee15d2a1f1b	0.539024	0.347386	8.000000	0.097561
faac8167-3685-4d60-8894-aee15d2a1f1b	16553bf2-bb59-4894-aa63-b80a1714351e	1.028423	0.622002	1.000000	0.048780
5d965d81-5804-4d15-8fe3-dadc46eb4efe	16553bf2-bb59-4894-aa63-b80a1714351e	0.705399	0.516483	6.000000	0.100000
b69643cf-0cce-494c-8041-bd4804448530	16553bf2-bb59-4894-aa63-b80a1714351e	0.753642	0.495751	5.000000	0.027027
3abdfa03-f873-4812-b7b9-c49962afa844	16553bf2-bb59-4894-aa63-b80a1714351e	0.687981	0.457734	6.000000	0.066667
d850c055-7aa2-4652-ad66-7e01abd0282f	29fd9e06-d6c7-47d4-9171-6d272f4eb682	0.954776	0.677398	2.000000	0.000000
a5a2c5e4-eff9-4830-8a27-c030ca79a41a	29fd9e06-d6c7-47d4-9171-6d272f4eb682	0.500000	0.464850	8.000000	0.000000
faac8167-3685-4d60-8894-aee15d2a1f1b	29fd9e06-d6c7-47d4-9171-6d272f4eb682	0.539024	0.326008	8.000000	0.097561
5a8de067-ae95-4b87-8f2e-a608371bf51c	c8534780-767c-4670-92d2-6d31e69af91e	1.033787	1.833328	1.000000	0.055556
fae7e380-065f-4665-a980-07f7da2396eb	c8534780-767c-4670-92d2-6d31e69af91e	1.044444	0.992438	0.000000	0.055556
a5a2c5e4-eff9-4830-8a27-c030ca79a41a	c8534780-767c-4670-92d2-6d31e69af91e	0.857763	0.797462	4.000000	0.055556
29fd9e06-d6c7-47d4-9171-6d272f4eb682	d850c055-7aa2-4652-ad66-7e01abd0282f	0.954776	0.615326	2.000000	0.000000
a5a2c5e4-eff9-4830-8a27-c030ca79a41a	d850c055-7aa2-4652-ad66-7e01abd0282f	0.653147	0.607231	6.000000	0.000000
c8534780-767c-4670-92d2-6d31e69af91e	5a8de067-ae95-4b87-8f2e-a608371bf51c	1.033787	0.983052	1.000000	0.055556
fae7e380-065f-4665-a980-07f7da2396eb	5a8de067-ae95-4b87-8f2e-a608371bf51c	1.033787	0.982312	1.000000	0.055556
a5a2c5e4-eff9-4830-8a27-c030ca79a41a	5a8de067-ae95-4b87-8f2e-a608371bf51c	0.976077	0.907459	3.000000	0.111111
5a8de067-ae95-4b87-8f2e-a608371bf51c	a5a2c5e4-eff9-4830-8a27-c030ca79a41a	0.976077	1.730984	3.000000	0.111111
fae7e380-065f-4665-a980-07f7da2396eb	a5a2c5e4-eff9-4830-8a27-c030ca79a41a	0.871802	0.828392	4.000000	0.076923
c8534780-767c-4670-92d2-6d31e69af91e	a5a2c5e4-eff9-4830-8a27-c030ca79a41a	0.857763	0.815666	4.000000	0.055556
d850c055-7aa2-4652-ad66-7e01abd0282f	a5a2c5e4-eff9-4830-8a27-c030ca79a41a	0.653147	0.463397	6.000000	0.000000
29fd9e06-d6c7-47d4-9171-6d272f4eb682	a5a2c5e4-eff9-4830-8a27-c030ca79a41a	0.500000	0.322236	8.000000	0.000000
5a8de067-ae95-4b87-8f2e-a608371bf51c	fae7e380-065f-4665-a980-07f7da2396eb	1.033787	1.833328	1.000000	0.055556
c8534780-767c-4670-92d2-6d31e69af91e	fae7e380-065f-4665-a980-07f7da2396eb	1.044444	0.993186	0.000000	0.055556
a5a2c5e4-eff9-4830-8a27-c030ca79a41a	fae7e380-065f-4665-a980-07f7da2396eb	0.871802	0.810514	4.000000	0.076923
c24adfe9-c04e-4deb-9805-2f6d8122310c	ee8d6411-37e6-4241-af4b-18f2f62a5446	1.085184	1.715038	2.000000	0.170732
af90305c-8bec-4bd5-8d59-abece52b2cfe	ee8d6411-37e6-4241-af4b-18f2f62a5446	0.981509	0.936653	4.000000	0.243902
ee8d6411-37e6-4241-af4b-18f2f62a5446	c24adfe9-c04e-4deb-9805-2f6d8122310c	1.085184	2.015703	2.000000	0.170732
af90305c-8bec-4bd5-8d59-abece52b2cfe	c24adfe9-c04e-4deb-9805-2f6d8122310c	1.158461	1.105519	2.000000	0.266667
c24adfe9-c04e-4deb-9805-2f6d8122310c	af90305c-8bec-4bd5-8d59-abece52b2cfe	1.158461	1.830846	2.000000	0.266667
ee8d6411-37e6-4241-af4b-18f2f62a5446	af90305c-8bec-4bd5-8d59-abece52b2cfe	0.981509	1.823128	4.000000	0.243902
ce7bd9a9-90db-4bda-a34b-a2830c2a0c71	9655f95d-bb6c-4dbc-9776-09954271b626	0.841172	0.398273	4.000000	0.030303
9655f95d-bb6c-4dbc-9776-09954271b626	ce7bd9a9-90db-4bda-a34b-a2830c2a0c71	0.841172	0.476934	4.000000	0.030303
b17aa229-5a02-441a-8858-e7fdd690179a	39a7e237-5364-4dc7-b205-b4389701cf8f	0.989797	0.548846	1.000000	0.000000
39a7e237-5364-4dc7-b205-b4389701cf8f	b17aa229-5a02-441a-8858-e7fdd690179a	0.989797	0.482934	1.000000	0.000000
59935f68-9bf0-4885-aba6-cfa6c618df03	b1283a15-edc7-4619-bc8d-d1aa6f251d27	0.933094	0.497283	4.000000	0.170213
b1283a15-edc7-4619-bc8d-d1aa6f251d27	59935f68-9bf0-4885-aba6-cfa6c618df03	0.933094	0.503802	4.000000	0.170213
80b4e1a0-94b1-499d-9c85-4c532a2f4501	f9f77e33-ebe2-44db-940e-4f016f739074	0.553333	0.657000	8.000000	0.133333
9997e5c8-75f5-4208-946e-2c74d1eb281e	f9f77e33-ebe2-44db-940e-4f016f739074	0.500000	0.328125	8.000000	0.000000
9997e5c8-75f5-4208-946e-2c74d1eb281e	80b4e1a0-94b1-499d-9c85-4c532a2f4501	1.000000	0.656250	0.000000	0.000000
1e41597e-500f-4990-9d64-adca4df366b1	80b4e1a0-94b1-499d-9c85-4c532a2f4501	0.989797	0.643508	1.000000	0.000000
4c29410c-8525-48f9-9a0c-bb4fe0748ee7	80b4e1a0-94b1-499d-9c85-4c532a2f4501	0.722816	0.427096	6.000000	0.133333
f9f77e33-ebe2-44db-940e-4f016f739074	80b4e1a0-94b1-499d-9c85-4c532a2f4501	0.553333	0.319776	8.000000	0.133333
80b4e1a0-94b1-499d-9c85-4c532a2f4501	9997e5c8-75f5-4208-946e-2c74d1eb281e	1.000000	1.187350	0.000000	0.000000
1e41597e-500f-4990-9d64-adca4df366b1	9997e5c8-75f5-4208-946e-2c74d1eb281e	1.148164	0.746469	1.000000	0.200000
4c29410c-8525-48f9-9a0c-bb4fe0748ee7	9997e5c8-75f5-4208-946e-2c74d1eb281e	0.733534	0.433429	6.000000	0.153846
f9f77e33-ebe2-44db-940e-4f016f739074	9997e5c8-75f5-4208-946e-2c74d1eb281e	0.500000	0.288955	8.000000	0.000000
80b4e1a0-94b1-499d-9c85-4c532a2f4501	1e41597e-500f-4990-9d64-adca4df366b1	0.989797	1.175235	1.000000	0.000000
9997e5c8-75f5-4208-946e-2c74d1eb281e	1e41597e-500f-4990-9d64-adca4df366b1	1.148164	0.753483	1.000000	0.200000
4c29410c-8525-48f9-9a0c-bb4fe0748ee7	1e41597e-500f-4990-9d64-adca4df366b1	0.783089	0.462710	5.000000	0.076923
80b4e1a0-94b1-499d-9c85-4c532a2f4501	4c29410c-8525-48f9-9a0c-bb4fe0748ee7	0.722816	0.858235	6.000000	0.133333
1e41597e-500f-4990-9d64-adca4df366b1	4c29410c-8525-48f9-9a0c-bb4fe0748ee7	0.783089	0.509118	5.000000	0.076923
9997e5c8-75f5-4208-946e-2c74d1eb281e	4c29410c-8525-48f9-9a0c-bb4fe0748ee7	0.733534	0.481382	6.000000	0.153846
4e2b6a38-f38b-4ff4-9623-52963fdf8a0c	9e8abec1-c201-40ef-8462-39b59d59f2d0	1.066426	1.409798	1.000000	0.096774
9e8abec1-c201-40ef-8462-39b59d59f2d0	4e2b6a38-f38b-4ff4-9623-52963fdf8a0c	1.066426	0.693129	1.000000	0.096774
09b1d91e-aa02-4323-872f-9b335b4ba33b	d440e19e-3902-429f-a1b9-c23c8a43ce87	0.977888	0.571117	3.000000	0.113636
d440e19e-3902-429f-a1b9-c23c8a43ce87	09b1d91e-aa02-4323-872f-9b335b4ba33b	0.977888	0.587919	3.000000	0.113636
4e5d4cc3-f67f-4ec1-bdf9-93d534172246	fb708ea6-0b4b-4173-886f-ec803ed780ad	0.760390	0.630691	5.000000	0.038462
c23f6842-bcb5-4c38-9119-ef8494f6e5d7	b3ec63f0-4fe4-4b40-a1ee-3fbda184a07c	0.777036	0.999093	5.000000	0.066667
7a8e4d6d-62bf-4e62-8362-fbe9ded5fbc2	b3ec63f0-4fe4-4b40-a1ee-3fbda184a07c	0.896398	0.936100	3.000000	0.000000
271e453f-9948-48b0-94cf-fdf28eede70b	b3ec63f0-4fe4-4b40-a1ee-3fbda184a07c	0.954776	0.648012	2.000000	0.000000
400bdd3c-77cb-4f41-849c-92dfa4c24032	b3ec63f0-4fe4-4b40-a1ee-3fbda184a07c	0.821262	0.628117	4.000000	0.000000
0b3f7ee5-9a0a-46b2-87d5-142c9d9280bf	b3ec63f0-4fe4-4b40-a1ee-3fbda184a07c	0.718462	0.546194	6.000000	0.125000
7a8e4d6d-62bf-4e62-8362-fbe9ded5fbc2	271e453f-9948-48b0-94cf-fdf28eede70b	0.737692	0.770365	5.000000	0.000000
c23f6842-bcb5-4c38-9119-ef8494f6e5d7	271e453f-9948-48b0-94cf-fdf28eede70b	0.572919	0.736644	7.000000	0.000000
b3ec63f0-4fe4-4b40-a1ee-3fbda184a07c	271e453f-9948-48b0-94cf-fdf28eede70b	0.954776	0.611866	2.000000	0.000000
400bdd3c-77cb-4f41-849c-92dfa4c24032	271e453f-9948-48b0-94cf-fdf28eede70b	0.705399	0.539502	6.000000	0.100000
0b3f7ee5-9a0a-46b2-87d5-142c9d9280bf	271e453f-9948-48b0-94cf-fdf28eede70b	0.500000	0.380114	8.000000	0.000000
7a8e4d6d-62bf-4e62-8362-fbe9ded5fbc2	c23f6842-bcb5-4c38-9119-ef8494f6e5d7	0.954776	0.997064	2.000000	0.000000
400bdd3c-77cb-4f41-849c-92dfa4c24032	c23f6842-bcb5-4c38-9119-ef8494f6e5d7	1.095375	0.837763	1.000000	0.133333
0b3f7ee5-9a0a-46b2-87d5-142c9d9280bf	c23f6842-bcb5-4c38-9119-ef8494f6e5d7	0.989797	0.752471	1.000000	0.000000
b3ec63f0-4fe4-4b40-a1ee-3fbda184a07c	c23f6842-bcb5-4c38-9119-ef8494f6e5d7	0.777036	0.497962	5.000000	0.066667
5ea3845b-9e0c-4151-b3fc-5e01f99b8b2d	c23f6842-bcb5-4c38-9119-ef8494f6e5d7	0.679273	0.453902	6.000000	0.050000
c23f6842-bcb5-4c38-9119-ef8494f6e5d7	400bdd3c-77cb-4f41-849c-92dfa4c24032	1.095375	1.408406	1.000000	0.133333
7a8e4d6d-62bf-4e62-8362-fbe9ded5fbc2	400bdd3c-77cb-4f41-849c-92dfa4c24032	0.989797	1.033635	1.000000	0.000000
0b3f7ee5-9a0a-46b2-87d5-142c9d9280bf	400bdd3c-77cb-4f41-849c-92dfa4c24032	0.954776	0.725847	2.000000	0.000000
b3ec63f0-4fe4-4b40-a1ee-3fbda184a07c	400bdd3c-77cb-4f41-849c-92dfa4c24032	0.821262	0.526304	4.000000	0.000000
271e453f-9948-48b0-94cf-fdf28eede70b	400bdd3c-77cb-4f41-849c-92dfa4c24032	0.705399	0.478758	6.000000	0.100000
c23f6842-bcb5-4c38-9119-ef8494f6e5d7	0b3f7ee5-9a0a-46b2-87d5-142c9d9280bf	0.989797	1.272656	1.000000	0.000000
7a8e4d6d-62bf-4e62-8362-fbe9ded5fbc2	0b3f7ee5-9a0a-46b2-87d5-142c9d9280bf	0.896398	0.936100	3.000000	0.000000
400bdd3c-77cb-4f41-849c-92dfa4c24032	0b3f7ee5-9a0a-46b2-87d5-142c9d9280bf	0.954776	0.730231	2.000000	0.000000
5ea3845b-9e0c-4151-b3fc-5e01f99b8b2d	0b3f7ee5-9a0a-46b2-87d5-142c9d9280bf	0.767200	0.512657	5.000000	0.050000
b3ec63f0-4fe4-4b40-a1ee-3fbda184a07c	0b3f7ee5-9a0a-46b2-87d5-142c9d9280bf	0.718462	0.460425	6.000000	0.125000
c23f6842-bcb5-4c38-9119-ef8494f6e5d7	5ea3845b-9e0c-4151-b3fc-5e01f99b8b2d	0.679273	0.873392	6.000000	0.050000
2a9b7233-64c2-4d35-9c74-efcabd60494d	5ea3845b-9e0c-4151-b3fc-5e01f99b8b2d	0.981115	0.630493	2.000000	0.034483
0b3f7ee5-9a0a-46b2-87d5-142c9d9280bf	5ea3845b-9e0c-4151-b3fc-5e01f99b8b2d	0.767200	0.583246	5.000000	0.050000
7a8e4d6d-62bf-4e62-8362-fbe9ded5fbc2	5ea3845b-9e0c-4151-b3fc-5e01f99b8b2d	0.500000	0.522145	8.000000	0.000000
400bdd3c-77cb-4f41-849c-92dfa4c24032	5ea3845b-9e0c-4151-b3fc-5e01f99b8b2d	0.595835	0.455706	7.000000	0.050000
c23f6842-bcb5-4c38-9119-ef8494f6e5d7	2a9b7233-64c2-4d35-9c74-efcabd60494d	0.555172	0.713827	8.000000	0.137931
5ea3845b-9e0c-4151-b3fc-5e01f99b8b2d	2a9b7233-64c2-4d35-9c74-efcabd60494d	0.981115	0.655598	2.000000	0.034483
0b3f7ee5-9a0a-46b2-87d5-142c9d9280bf	2a9b7233-64c2-4d35-9c74-efcabd60494d	0.580821	0.441556	7.000000	0.017241
18b83170-3fbb-4c4a-bc13-8aaed6f4583c	cf7d3705-d177-493c-8ebb-ba3510bc6e8d	1.010665	1.008812	2.000000	0.073171
a3c5afb5-1805-4c50-9d26-7fec7046d4f8	cf7d3705-d177-493c-8ebb-ba3510bc6e8d	1.050254	0.778669	2.000000	0.125000
ff03fb47-7b7e-4f22-98b9-cb065aae0717	cf7d3705-d177-493c-8ebb-ba3510bc6e8d	0.653147	0.456717	6.000000	0.000000
cf7d3705-d177-493c-8ebb-ba3510bc6e8d	a3c5afb5-1805-4c50-9d26-7fec7046d4f8	1.050254	1.414136	2.000000	0.125000
18b83170-3fbb-4c4a-bc13-8aaed6f4583c	a3c5afb5-1805-4c50-9d26-7fec7046d4f8	0.885361	0.883737	4.000000	0.097561
ff03fb47-7b7e-4f22-98b9-cb065aae0717	a3c5afb5-1805-4c50-9d26-7fec7046d4f8	0.940719	0.657803	4.000000	0.181818
cf7d3705-d177-493c-8ebb-ba3510bc6e8d	ff03fb47-7b7e-4f22-98b9-cb065aae0717	0.653147	0.879443	6.000000	0.000000
a3c5afb5-1805-4c50-9d26-7fec7046d4f8	ff03fb47-7b7e-4f22-98b9-cb065aae0717	0.940719	0.697459	4.000000	0.181818
18b83170-3fbb-4c4a-bc13-8aaed6f4583c	ff03fb47-7b7e-4f22-98b9-cb065aae0717	0.509756	0.508821	8.000000	0.024390
d9c7f754-f601-4965-a1d2-3cbee05bd461	35d0d8bb-db75-4246-832f-fca184180355	0.821262	0.494156	4.000000	0.000000
7e7fddcf-ed07-4ab5-9e0c-b5c6c5a1e43b	35d0d8bb-db75-4246-832f-fca184180355	0.653147	0.338312	6.000000	0.000000
d9c7f754-f601-4965-a1d2-3cbee05bd461	7e7fddcf-ed07-4ab5-9e0c-b5c6c5a1e43b	0.954776	0.574492	2.000000	0.000000
35d0d8bb-db75-4246-832f-fca184180355	7e7fddcf-ed07-4ab5-9e0c-b5c6c5a1e43b	0.653147	0.403363	6.000000	0.000000
35d0d8bb-db75-4246-832f-fca184180355	d9c7f754-f601-4965-a1d2-3cbee05bd461	0.821262	0.507186	4.000000	0.000000
7e7fddcf-ed07-4ab5-9e0c-b5c6c5a1e43b	d9c7f754-f601-4965-a1d2-3cbee05bd461	0.954776	0.494548	2.000000	0.000000
ad413036-7819-48ac-9d8f-4a29933b381c	a6ff3532-8b02-4026-98d0-48260462a69d	0.999707	0.535508	2.000000	0.058824
a6ff3532-8b02-4026-98d0-48260462a69d	ad413036-7819-48ac-9d8f-4a29933b381c	0.999707	0.484202	2.000000	0.058824
14dc04ff-9dfe-4411-91d2-fb38e6e04ab3	29826d4e-37ee-4b03-8b89-7981b1a547ae	1.005697	0.717915	2.000000	0.066667
bcbd6ab4-b034-4580-9903-77d39c560e29	29826d4e-37ee-4b03-8b89-7981b1a547ae	0.716869	0.706189	6.000000	0.121951
5e22240d-0e35-4388-ad0f-664db22f5ded	29826d4e-37ee-4b03-8b89-7981b1a547ae	0.886963	0.578212	4.000000	0.100000
14dc04ff-9dfe-4411-91d2-fb38e6e04ab3	5e22240d-0e35-4388-ad0f-664db22f5ded	0.954776	0.681565	2.000000	0.000000
29826d4e-37ee-4b03-8b89-7981b1a547ae	5e22240d-0e35-4388-ad0f-664db22f5ded	0.886963	0.584393	4.000000	0.100000
29826d4e-37ee-4b03-8b89-7981b1a547ae	14dc04ff-9dfe-4411-91d2-fb38e6e04ab3	1.005697	0.662623	2.000000	0.066667
5e22240d-0e35-4388-ad0f-664db22f5ded	14dc04ff-9dfe-4411-91d2-fb38e6e04ab3	0.954776	0.622419	2.000000	0.000000
bcbd6ab4-b034-4580-9903-77d39c560e29	14dc04ff-9dfe-4411-91d2-fb38e6e04ab3	0.500000	0.492551	8.000000	0.000000
2aa3091a-c56b-46cc-be95-34bb955758d3	9a62878d-15be-40a9-a597-9164abf65db2	0.572919	0.549269	7.000000	0.000000
f7f71261-f682-49fc-835a-7ab51bc31df3	9a62878d-15be-40a9-a597-9164abf65db2	0.737692	0.483892	5.000000	0.000000
28aad481-4917-4009-a0f9-0bb576288c90	9a62878d-15be-40a9-a597-9164abf65db2	0.756134	0.452994	5.000000	0.031250
2aa3091a-c56b-46cc-be95-34bb955758d3	28aad481-4917-4009-a0f9-0bb576288c90	1.002515	0.961132	2.000000	0.062500
70af8928-b1c2-4ae0-8d92-86c66e8ade43	28aad481-4917-4009-a0f9-0bb576288c90	0.702133	0.709270	6.000000	0.093750
f7f71261-f682-49fc-835a-7ab51bc31df3	28aad481-4917-4009-a0f9-0bb576288c90	1.000000	0.655954	0.000000	0.000000
9a62878d-15be-40a9-a597-9164abf65db2	28aad481-4917-4009-a0f9-0bb576288c90	0.756134	0.455298	5.000000	0.031250
2aa3091a-c56b-46cc-be95-34bb955758d3	f7f71261-f682-49fc-835a-7ab51bc31df3	0.954776	0.915363	2.000000	0.000000
70af8928-b1c2-4ae0-8d92-86c66e8ade43	f7f71261-f682-49fc-835a-7ab51bc31df3	0.653147	0.659786	6.000000	0.000000
28aad481-4917-4009-a0f9-0bb576288c90	f7f71261-f682-49fc-835a-7ab51bc31df3	1.000000	0.599092	0.000000	0.000000
9a62878d-15be-40a9-a597-9164abf65db2	f7f71261-f682-49fc-835a-7ab51bc31df3	0.737692	0.444193	5.000000	0.000000
bd241144-4f27-448b-8972-d50b6e4c2e18	1feb00fb-8501-4970-96ac-ca2ad7f9777c	0.653147	0.660735	6.000000	0.000000
ecc7e222-c10e-466e-a0b0-bf7c906786f6	16b5478c-a9c8-489e-b36e-74839d2ffe4b	0.675865	1.023831	6.000000	0.043478
4baf50c5-5e37-4705-a18f-715351f39248	16b5478c-a9c8-489e-b36e-74839d2ffe4b	0.821262	0.482915	4.000000	0.000000
16b5478c-a9c8-489e-b36e-74839d2ffe4b	ecc7e222-c10e-466e-a0b0-bf7c906786f6	0.675865	0.403492	6.000000	0.043478
16b5478c-a9c8-489e-b36e-74839d2ffe4b	4baf50c5-5e37-4705-a18f-715351f39248	0.821262	0.490294	4.000000	0.000000
a93be689-6b6a-4e7d-95d6-49cf36f091e7	e5aefce5-a787-4390-822f-e73b391811f0	0.737692	0.610368	5.000000	0.000000
d454a047-7f96-4e46-b9fa-ab6a7bd3ad24	e5aefce5-a787-4390-822f-e73b391811f0	0.989797	0.592025	1.000000	0.000000
a93be689-6b6a-4e7d-95d6-49cf36f091e7	d454a047-7f96-4e46-b9fa-ab6a7bd3ad24	0.722816	0.598060	6.000000	0.133333
e5aefce5-a787-4390-822f-e73b391811f0	d454a047-7f96-4e46-b9fa-ab6a7bd3ad24	0.989797	0.527552	1.000000	0.000000
45b99f2c-d2a3-4417-b085-57694c7a9921	fb288f03-d57d-4971-9c22-20d0574ecc34	0.974876	0.632869	2.000000	0.026316
b62ee46a-ef7f-44ad-99c0-6d9b75462a4b	fb288f03-d57d-4971-9c22-20d0574ecc34	0.934141	0.536390	3.000000	0.052632
45b99f2c-d2a3-4417-b085-57694c7a9921	b62ee46a-ef7f-44ad-99c0-6d9b75462a4b	1.102916	0.715989	1.000000	0.142857
fb288f03-d57d-4971-9c22-20d0574ecc34	b62ee46a-ef7f-44ad-99c0-6d9b75462a4b	0.934141	0.503513	3.000000	0.052632
b62ee46a-ef7f-44ad-99c0-6d9b75462a4b	45b99f2c-d2a3-4417-b085-57694c7a9921	1.102916	0.633303	1.000000	0.142857
fb288f03-d57d-4971-9c22-20d0574ecc34	45b99f2c-d2a3-4417-b085-57694c7a9921	0.974876	0.525471	2.000000	0.026316
e43f9fd0-fc68-418b-834a-85bdcf9e2b34	4b626907-e4b9-44e0-8124-835f1ea9024c	0.631847	0.355065	7.000000	0.128571
6849506c-866d-450c-b271-c830b0793c5c	4b626907-e4b9-44e0-8124-835f1ea9024c	0.517143	0.286603	8.000000	0.042857
e43f9fd0-fc68-418b-834a-85bdcf9e2b34	6849506c-866d-450c-b271-c830b0793c5c	1.026626	0.576909	1.000000	0.046512
4b626907-e4b9-44e0-8124-835f1ea9024c	6849506c-866d-450c-b271-c830b0793c5c	0.517143	0.299693	8.000000	0.042857
6849506c-866d-450c-b271-c830b0793c5c	e43f9fd0-fc68-418b-834a-85bdcf9e2b34	1.026626	0.568961	1.000000	0.046512
4b626907-e4b9-44e0-8124-835f1ea9024c	e43f9fd0-fc68-418b-834a-85bdcf9e2b34	0.631847	0.366166	7.000000	0.128571
3eb6e251-5c6c-4bcd-9d84-30981496ca1b	a890e769-e2f5-46e7-9fcd-4e247f4dc86c	0.510127	0.364353	8.000000	0.025316
3eb6e251-5c6c-4bcd-9d84-30981496ca1b	1081fa05-e39b-4242-a22e-285b875f128c	1.253742	0.895473	1.000000	0.333333
1081fa05-e39b-4242-a22e-285b875f128c	3eb6e251-5c6c-4bcd-9d84-30981496ca1b	1.253742	1.499283	1.000000	0.333333
a890e769-e2f5-46e7-9fcd-4e247f4dc86c	3eb6e251-5c6c-4bcd-9d84-30981496ca1b	0.510127	0.269439	8.000000	0.025316
39f95dbf-f3eb-459b-b975-bfc122149628	97cd543b-5739-40a5-9ae0-923287957b10	0.801493	0.431667	5.000000	0.108108
6bf0b560-ed82-4c44-b8ce-14300bcfe835	39f95dbf-f3eb-459b-b975-bfc122149628	0.681391	0.717848	6.000000	0.054054
97cd543b-5739-40a5-9ae0-923287957b10	39f95dbf-f3eb-459b-b975-bfc122149628	0.801493	0.443622	5.000000	0.108108
6bf0b560-ed82-4c44-b8ce-14300bcfe835	a8361df1-5565-4c5e-8237-7b513c56a7d2	0.600696	0.632836	7.000000	0.060606
728b49ba-def7-47b8-b21d-efa5b6fb603c	a8361df1-5565-4c5e-8237-7b513c56a7d2	1.048514	0.628607	3.000000	0.212121
837e10f6-7136-4bfb-8df9-37d4697ce9ef	a8361df1-5565-4c5e-8237-7b513c56a7d2	0.536364	0.300099	8.000000	0.090909
a8361df1-5565-4c5e-8237-7b513c56a7d2	728b49ba-def7-47b8-b21d-efa5b6fb603c	1.048514	0.617325	3.000000	0.212121
837e10f6-7136-4bfb-8df9-37d4697ce9ef	728b49ba-def7-47b8-b21d-efa5b6fb603c	0.818168	0.457771	5.000000	0.136364
728b49ba-def7-47b8-b21d-efa5b6fb603c	837e10f6-7136-4bfb-8df9-37d4697ce9ef	0.818168	0.490509	5.000000	0.136364
a8361df1-5565-4c5e-8237-7b513c56a7d2	837e10f6-7136-4bfb-8df9-37d4697ce9ef	0.536364	0.315790	8.000000	0.090909
9cf30066-f9a0-4abe-b138-bee0e74aa87f	f3676488-3272-4ede-ae3a-52c8f60c6024	0.587704	1.000720	7.000000	0.032258
f6e47be1-d1b5-4321-9b0e-c3632cd437aa	0e983ee6-3909-45f8-8b10-7fdc924e4825	0.623845	0.386553	7.000000	0.111111
0e983ee6-3909-45f8-8b10-7fdc924e4825	f6e47be1-d1b5-4321-9b0e-c3632cd437aa	0.623845	0.754461	7.000000	0.111111
e610682b-febf-444d-88cd-ba449fe08249	f6e47be1-d1b5-4321-9b0e-c3632cd437aa	0.705399	0.403541	6.000000	0.100000
f6e47be1-d1b5-4321-9b0e-c3632cd437aa	e610682b-febf-444d-88cd-ba449fe08249	0.705399	0.437086	6.000000	0.100000
8d8c4f30-c9e6-4c39-ab5f-07c7b70998fb	07684b0b-a1bd-4006-8ad4-7fb05a7ccfd7	0.896398	0.457617	3.000000	0.000000
07684b0b-a1bd-4006-8ad4-7fb05a7ccfd7	8d8c4f30-c9e6-4c39-ab5f-07c7b70998fb	0.896398	0.403379	3.000000	0.000000
3783fe38-8a9b-4d1a-aa91-fba635005d04	458a9fc2-c544-46e3-bcc4-955548a73de1	0.603474	0.520195	7.000000	0.066667
975ffcf7-35e9-44d4-86b5-9606ca311ee4	c3d5d58f-2812-4fd8-8bbe-6b054288b66b	0.938581	0.669233	3.000000	0.058824
8f33a2c1-be3a-43fb-9f26-f205234964d0	c3d5d58f-2812-4fd8-8bbe-6b054288b66b	0.853312	0.621831	4.000000	0.048780
c3d5d58f-2812-4fd8-8bbe-6b054288b66b	975ffcf7-35e9-44d4-86b5-9606ca311ee4	0.938581	1.256703	3.000000	0.058824
8f33a2c1-be3a-43fb-9f26-f205234964d0	975ffcf7-35e9-44d4-86b5-9606ca311ee4	0.617634	0.450086	7.000000	0.097561
c3d5d58f-2812-4fd8-8bbe-6b054288b66b	8f33a2c1-be3a-43fb-9f26-f205234964d0	0.853312	1.142532	4.000000	0.048780
975ffcf7-35e9-44d4-86b5-9606ca311ee4	8f33a2c1-be3a-43fb-9f26-f205234964d0	0.617634	0.440389	7.000000	0.097561
143352ed-1879-467e-9cd7-9c85ff0fecc1	8f33a2c1-be3a-43fb-9f26-f205234964d0	0.500000	0.383014	8.000000	0.000000
df017af7-8ff6-4f13-9c53-7a9a1086ca22	3c30db30-1f6a-4ac9-97fa-8f0a309e98b2	0.800923	1.065959	5.000000	0.107143
143352ed-1879-467e-9cd7-9c85ff0fecc1	3c30db30-1f6a-4ac9-97fa-8f0a309e98b2	1.018076	0.779876	1.000000	0.035714
3c30db30-1f6a-4ac9-97fa-8f0a309e98b2	df017af7-8ff6-4f13-9c53-7a9a1086ca22	0.800923	0.571890	5.000000	0.107143
143352ed-1879-467e-9cd7-9c85ff0fecc1	df017af7-8ff6-4f13-9c53-7a9a1086ca22	0.687981	0.527013	6.000000	0.066667
5018c710-5824-415e-9069-598162ca53cd	df017af7-8ff6-4f13-9c53-7a9a1086ca22	0.606667	0.422541	8.000000	0.266667
df017af7-8ff6-4f13-9c53-7a9a1086ca22	143352ed-1879-467e-9cd7-9c85ff0fecc1	0.687981	0.915644	6.000000	0.066667
3c30db30-1f6a-4ac9-97fa-8f0a309e98b2	143352ed-1879-467e-9cd7-9c85ff0fecc1	1.018076	0.726946	1.000000	0.035714
8f33a2c1-be3a-43fb-9f26-f205234964d0	143352ed-1879-467e-9cd7-9c85ff0fecc1	0.500000	0.364363	8.000000	0.000000
df017af7-8ff6-4f13-9c53-7a9a1086ca22	5018c710-5824-415e-9069-598162ca53cd	0.606667	0.807421	8.000000	0.266667
5751c129-b26a-4fe1-9e0f-3105f53f079e	5018c710-5824-415e-9069-598162ca53cd	1.046356	0.715085	1.000000	0.071429
169be6c1-fbbf-402e-8e86-6b27e1b52102	5018c710-5824-415e-9069-598162ca53cd	0.528571	0.322423	8.000000	0.071429
5018c710-5824-415e-9069-598162ca53cd	5751c129-b26a-4fe1-9e0f-3105f53f079e	1.046356	0.728782	1.000000	0.071429
169be6c1-fbbf-402e-8e86-6b27e1b52102	5751c129-b26a-4fe1-9e0f-3105f53f079e	0.649308	0.396071	7.000000	0.166667
5751c129-b26a-4fe1-9e0f-3105f53f079e	169be6c1-fbbf-402e-8e86-6b27e1b52102	0.649308	0.443740	7.000000	0.166667
7a959c95-9aac-4692-be8b-f61b781b1e38	169be6c1-fbbf-402e-8e86-6b27e1b52102	0.711204	0.379849	6.000000	0.111111
5018c710-5824-415e-9069-598162ca53cd	169be6c1-fbbf-402e-8e86-6b27e1b52102	0.528571	0.368148	8.000000	0.071429
169be6c1-fbbf-402e-8e86-6b27e1b52102	7a959c95-9aac-4692-be8b-f61b781b1e38	0.711204	0.433827	6.000000	0.111111
f11dda63-656d-4e71-99cb-c74c93e337b6	a6ec95c2-1c31-444d-be5a-3a7c6919b590	0.961590	0.846021	3.000000	0.090909
6a90cded-b2a5-48ac-980b-7e99e8d2093e	a6ec95c2-1c31-444d-be5a-3a7c6919b590	0.705399	0.427326	6.000000	0.100000
f11dda63-656d-4e71-99cb-c74c93e337b6	6a90cded-b2a5-48ac-980b-7e99e8d2093e	0.961590	0.846021	3.000000	0.090909
a6ec95c2-1c31-444d-be5a-3a7c6919b590	6a90cded-b2a5-48ac-980b-7e99e8d2093e	0.705399	0.427326	6.000000	0.100000
b04e4a6f-cf52-48d6-8e42-7bd38f7afe1c	2e60a917-6e86-4bbf-8c3c-d1d21f0ef996	0.989797	0.555086	1.000000	0.000000
2e60a917-6e86-4bbf-8c3c-d1d21f0ef996	b04e4a6f-cf52-48d6-8e42-7bd38f7afe1c	0.989797	0.561304	1.000000	0.000000
3736c7b2-3055-42cf-8eaa-09554311ba65	286ab627-b406-4a44-b3b8-a9706f047828	0.925082	0.638556	3.000000	0.040000
2c4d26f2-f2db-463e-b959-d09d75170dd2	286ab627-b406-4a44-b3b8-a9706f047828	0.500000	0.408124	8.000000	0.000000
2c4d26f2-f2db-463e-b959-d09d75170dd2	3736c7b2-3055-42cf-8eaa-09554311ba65	0.761298	0.621409	5.000000	0.040000
286ab627-b406-4a44-b3b8-a9706f047828	3736c7b2-3055-42cf-8eaa-09554311ba65	0.925082	0.608960	3.000000	0.040000
b0175a00-c65b-4365-8256-f3e6fecfbf7b	3736c7b2-3055-42cf-8eaa-09554311ba65	0.653147	0.563164	6.000000	0.000000
7026143c-2ae1-4ed3-98b7-9cb859da4e77	2c4d26f2-f2db-463e-b959-d09d75170dd2	0.821262	1.028828	4.000000	0.000000
b0175a00-c65b-4365-8256-f3e6fecfbf7b	2c4d26f2-f2db-463e-b959-d09d75170dd2	1.121769	0.967225	1.000000	0.166667
3736c7b2-3055-42cf-8eaa-09554311ba65	2c4d26f2-f2db-463e-b959-d09d75170dd2	0.761298	0.525501	5.000000	0.040000
286ab627-b406-4a44-b3b8-a9706f047828	2c4d26f2-f2db-463e-b959-d09d75170dd2	0.500000	0.329138	8.000000	0.000000
7026143c-2ae1-4ed3-98b7-9cb859da4e77	b0175a00-c65b-4365-8256-f3e6fecfbf7b	1.091975	1.367961	3.000000	0.272727
42826b9f-abfa-479c-b6a7-f89792892c56	b0175a00-c65b-4365-8256-f3e6fecfbf7b	0.530769	1.010731	8.000000	0.076923
2c4d26f2-f2db-463e-b959-d09d75170dd2	b0175a00-c65b-4365-8256-f3e6fecfbf7b	1.121769	0.915643	1.000000	0.166667
a410e71c-c792-44ed-9c56-5e2ccfc55de2	b0175a00-c65b-4365-8256-f3e6fecfbf7b	0.533333	0.502281	8.000000	0.083333
3736c7b2-3055-42cf-8eaa-09554311ba65	b0175a00-c65b-4365-8256-f3e6fecfbf7b	0.653147	0.450847	6.000000	0.000000
42826b9f-abfa-479c-b6a7-f89792892c56	a410e71c-c792-44ed-9c56-5e2ccfc55de2	1.100000	2.094703	0.000000	0.125000
7026143c-2ae1-4ed3-98b7-9cb859da4e77	a410e71c-c792-44ed-9c56-5e2ccfc55de2	0.836051	1.047354	5.000000	0.166667
1a756abd-317c-42eb-af6b-28ff17a610a3	a410e71c-c792-44ed-9c56-5e2ccfc55de2	0.786872	0.629075	5.000000	0.083333
b0175a00-c65b-4365-8256-f3e6fecfbf7b	a410e71c-c792-44ed-9c56-5e2ccfc55de2	0.533333	0.459857	8.000000	0.083333
42826b9f-abfa-479c-b6a7-f89792892c56	1a756abd-317c-42eb-af6b-28ff17a610a3	0.737692	1.404769	5.000000	0.000000
a410e71c-c792-44ed-9c56-5e2ccfc55de2	1a756abd-317c-42eb-af6b-28ff17a610a3	0.786872	0.741057	5.000000	0.083333
0dc1abc8-9aa8-418f-8b67-f4226893b976	1a756abd-317c-42eb-af6b-28ff17a610a3	0.521053	0.355936	8.000000	0.052632
019cb20c-aae2-4848-ac64-5ae94ec41df3	0dc1abc8-9aa8-418f-8b67-f4226893b976	1.097164	0.720701	1.000000	0.135593
1a756abd-317c-42eb-af6b-28ff17a610a3	0dc1abc8-9aa8-418f-8b67-f4226893b976	0.521053	0.416562	8.000000	0.052632
0dc1abc8-9aa8-418f-8b67-f4226893b976	019cb20c-aae2-4848-ac64-5ae94ec41df3	1.097164	0.749484	1.000000	0.135593
342aad81-bb41-4643-9859-e8c221826d32	d4026618-d785-4797-ba4b-f5348b35a9ac	0.572919	1.024493	7.000000	0.000000
33d26595-933d-4fea-8783-66e9f787a6f8	d4026618-d785-4797-ba4b-f5348b35a9ac	1.033787	0.887181	1.000000	0.055556
2fa402e6-936e-46d7-8d21-eb117a77c395	d4026618-d785-4797-ba4b-f5348b35a9ac	0.936238	0.872050	3.000000	0.055556
82896759-e99b-491a-980f-a35aabeeafe6	d4026618-d785-4797-ba4b-f5348b35a9ac	0.978354	0.858590	3.000000	0.114286
342aad81-bb41-4643-9859-e8c221826d32	82896759-e99b-491a-980f-a35aabeeafe6	0.858806	1.535717	4.000000	0.057143
81a0ba3d-6a0c-44d4-b733-fa4baf7499bc	82896759-e99b-491a-980f-a35aabeeafe6	0.599109	1.059314	7.000000	0.057143
2fa402e6-936e-46d7-8d21-eb117a77c395	82896759-e99b-491a-980f-a35aabeeafe6	1.022857	0.952731	0.000000	0.028571
33d26595-933d-4fea-8783-66e9f787a6f8	82896759-e99b-491a-980f-a35aabeeafe6	0.998423	0.856832	2.000000	0.057143
d4026618-d785-4797-ba4b-f5348b35a9ac	82896759-e99b-491a-980f-a35aabeeafe6	0.978354	0.751718	3.000000	0.114286
342aad81-bb41-4643-9859-e8c221826d32	33d26595-933d-4fea-8783-66e9f787a6f8	0.653147	1.167958	6.000000	0.000000
2fa402e6-936e-46d7-8d21-eb117a77c395	33d26595-933d-4fea-8783-66e9f787a6f8	0.954776	0.889317	2.000000	0.000000
82896759-e99b-491a-980f-a35aabeeafe6	33d26595-933d-4fea-8783-66e9f787a6f8	0.998423	0.876202	2.000000	0.057143
d4026618-d785-4797-ba4b-f5348b35a9ac	33d26595-933d-4fea-8783-66e9f787a6f8	1.033787	0.794311	1.000000	0.055556
808d34d4-3c48-4347-a1f5-886c8d8c0101	33d26595-933d-4fea-8783-66e9f787a6f8	0.550000	0.557946	8.000000	0.125000
342aad81-bb41-4643-9859-e8c221826d32	2fa402e6-936e-46d7-8d21-eb117a77c395	0.821262	1.468582	4.000000	0.000000
81a0ba3d-6a0c-44d4-b733-fa4baf7499bc	2fa402e6-936e-46d7-8d21-eb117a77c395	0.594744	1.051596	7.000000	0.047619
82896759-e99b-491a-980f-a35aabeeafe6	2fa402e6-936e-46d7-8d21-eb117a77c395	1.022857	0.897645	0.000000	0.028571
33d26595-933d-4fea-8783-66e9f787a6f8	2fa402e6-936e-46d7-8d21-eb117a77c395	0.954776	0.819375	2.000000	0.000000
d4026618-d785-4797-ba4b-f5348b35a9ac	2fa402e6-936e-46d7-8d21-eb117a77c395	0.936238	0.719358	3.000000	0.055556
342aad81-bb41-4643-9859-e8c221826d32	81a0ba3d-6a0c-44d4-b733-fa4baf7499bc	0.896398	1.602939	3.000000	0.000000
96e9866d-d6a9-4aed-b025-18c33eeb98bd	81a0ba3d-6a0c-44d4-b733-fa4baf7499bc	0.896398	1.094921	3.000000	0.000000
808d34d4-3c48-4347-a1f5-886c8d8c0101	81a0ba3d-6a0c-44d4-b733-fa4baf7499bc	1.027503	1.042347	1.000000	0.047619
fb6def1e-867f-4813-aeda-5911ac058efd	81a0ba3d-6a0c-44d4-b733-fa4baf7499bc	0.989797	0.949063	1.000000	0.000000
2fa402e6-936e-46d7-8d21-eb117a77c395	81a0ba3d-6a0c-44d4-b733-fa4baf7499bc	0.594744	0.553969	7.000000	0.047619
81a0ba3d-6a0c-44d4-b733-fa4baf7499bc	808d34d4-3c48-4347-a1f5-886c8d8c0101	1.027503	1.816779	1.000000	0.047619
342aad81-bb41-4643-9859-e8c221826d32	808d34d4-3c48-4347-a1f5-886c8d8c0101	0.954776	1.707331	2.000000	0.000000
96e9866d-d6a9-4aed-b025-18c33eeb98bd	808d34d4-3c48-4347-a1f5-886c8d8c0101	0.821262	1.003146	4.000000	0.000000
fb6def1e-867f-4813-aeda-5911ac058efd	808d34d4-3c48-4347-a1f5-886c8d8c0101	0.954776	0.915484	2.000000	0.000000
2fa402e6-936e-46d7-8d21-eb117a77c395	808d34d4-3c48-4347-a1f5-886c8d8c0101	0.653147	0.608368	6.000000	0.000000
81a0ba3d-6a0c-44d4-b733-fa4baf7499bc	fb6def1e-867f-4813-aeda-5911ac058efd	0.989797	1.750108	1.000000	0.000000
342aad81-bb41-4643-9859-e8c221826d32	fb6def1e-867f-4813-aeda-5911ac058efd	0.821262	1.468582	4.000000	0.000000
96e9866d-d6a9-4aed-b025-18c33eeb98bd	fb6def1e-867f-4813-aeda-5911ac058efd	0.954776	1.166228	2.000000	0.000000
808d34d4-3c48-4347-a1f5-886c8d8c0101	fb6def1e-867f-4813-aeda-5911ac058efd	0.954776	0.968570	2.000000	0.000000
d7052d4e-4f81-4f6c-b8b1-2a02e6533196	fb6def1e-867f-4813-aeda-5911ac058efd	0.737692	0.610069	5.000000	0.000000
81a0ba3d-6a0c-44d4-b733-fa4baf7499bc	d7052d4e-4f81-4f6c-b8b1-2a02e6533196	0.653147	1.154861	6.000000	0.000000
96e9866d-d6a9-4aed-b025-18c33eeb98bd	d7052d4e-4f81-4f6c-b8b1-2a02e6533196	0.896398	1.094921	3.000000	0.000000
4d9f08a7-ba5a-42a3-a315-d64fa75b0592	d7052d4e-4f81-4f6c-b8b1-2a02e6533196	0.821262	0.864499	4.000000	0.000000
fb6def1e-867f-4813-aeda-5911ac058efd	d7052d4e-4f81-4f6c-b8b1-2a02e6533196	0.737692	0.707334	5.000000	0.000000
808d34d4-3c48-4347-a1f5-886c8d8c0101	d7052d4e-4f81-4f6c-b8b1-2a02e6533196	0.572919	0.581196	7.000000	0.000000
27d339b5-7480-482c-a472-8b52d5c4d78a	0f4474f2-a50b-4bd7-aa4c-b9abbfcf25c7	0.896398	0.810907	3.000000	0.000000
668fc0dc-2f79-4369-a455-3454e03d6c2b	5db0ae7d-ea23-4db8-816f-b9b2cab10353	0.821262	0.763975	4.000000	0.000000
3d552445-b5e3-4cf5-8085-37210ceabfee	4027bd9e-2216-469d-bb61-d277920cd9cd	1.033792	2.134333	2.000000	0.103448
6eaafc35-86c6-439f-9520-7b4a245da7de	4027bd9e-2216-469d-bb61-d277920cd9cd	0.635419	0.405233	7.000000	0.136364
a465dcf6-f9b6-4d3b-adeb-0799959e793f	4027bd9e-2216-469d-bb61-d277920cd9cd	0.580000	0.399117	8.000000	0.200000
a465dcf6-f9b6-4d3b-adeb-0799959e793f	6eaafc35-86c6-439f-9520-7b4a245da7de	1.025789	0.705878	1.000000	0.045455
4027bd9e-2216-469d-bb61-d277920cd9cd	6eaafc35-86c6-439f-9520-7b4a245da7de	0.635419	0.554092	7.000000	0.136364
44e2d7cb-e893-4978-a12a-312372ed3a2c	6eaafc35-86c6-439f-9520-7b4a245da7de	0.512903	0.296156	8.000000	0.032258
6eaafc35-86c6-439f-9520-7b4a245da7de	a465dcf6-f9b6-4d3b-adeb-0799959e793f	1.025789	0.654189	1.000000	0.045455
4027bd9e-2216-469d-bb61-d277920cd9cd	a465dcf6-f9b6-4d3b-adeb-0799959e793f	0.580000	0.505767	8.000000	0.200000
44e2d7cb-e893-4978-a12a-312372ed3a2c	a465dcf6-f9b6-4d3b-adeb-0799959e793f	0.572919	0.330809	7.000000	0.000000
a465dcf6-f9b6-4d3b-adeb-0799959e793f	44e2d7cb-e893-4978-a12a-312372ed3a2c	0.572919	0.394244	7.000000	0.000000
44e22347-272c-43f2-9f70-ed8ad718a9db	44e2d7cb-e893-4978-a12a-312372ed3a2c	0.646844	0.329208	7.000000	0.161290
6eaafc35-86c6-439f-9520-7b4a245da7de	44e2d7cb-e893-4978-a12a-312372ed3a2c	0.512903	0.327100	8.000000	0.032258
44e2d7cb-e893-4978-a12a-312372ed3a2c	44e22347-272c-43f2-9f70-ed8ad718a9db	0.646844	0.373494	7.000000	0.161290
1cb0caa0-9753-4eae-a67e-8853bfe1d1b9	44e22347-272c-43f2-9f70-ed8ad718a9db	0.686858	0.353095	6.000000	0.064516
44e22347-272c-43f2-9f70-ed8ad718a9db	1cb0caa0-9753-4eae-a67e-8853bfe1d1b9	0.686858	0.349573	6.000000	0.064516
da52fa2a-ba7e-4289-a117-cb3c8fcdc564	2c9156dd-10ba-43a4-9ff4-b70c408ff451	0.852549	1.246187	4.000000	0.047619
a84962ad-9529-4465-b41d-fb487bb567f4	2c9156dd-10ba-43a4-9ff4-b70c408ff451	0.737692	0.606090	5.000000	0.000000
a84962ad-9529-4465-b41d-fb487bb567f4	da52fa2a-ba7e-4289-a117-cb3c8fcdc564	1.027503	0.844199	1.000000	0.047619
2c9156dd-10ba-43a4-9ff4-b70c408ff451	da52fa2a-ba7e-4289-a117-cb3c8fcdc564	0.852549	0.567431	4.000000	0.047619
da52fa2a-ba7e-4289-a117-cb3c8fcdc564	a84962ad-9529-4465-b41d-fb487bb567f4	1.027503	1.501922	1.000000	0.047619
2c9156dd-10ba-43a4-9ff4-b70c408ff451	a84962ad-9529-4465-b41d-fb487bb567f4	0.737692	0.490986	5.000000	0.000000
127a04fa-253a-4ddf-84d4-f1faa20206b2	cca70865-5cff-4187-aa50-56ed93e76192	1.057143	1.931833	0.000000	0.071429
f2329d2b-488e-463a-848e-f1206289b5d8	cca70865-5cff-4187-aa50-56ed93e76192	0.894263	1.102454	4.000000	0.111111
de607b08-77ac-47df-a859-4d6839e97407	4624152e-6eea-45ac-bf4d-b98a9c855532	0.871802	0.643423	4.000000	0.076923
27575df1-a8f3-48dd-ad82-60c8da4f9500	de607b08-77ac-47df-a859-4d6839e97407	0.611113	1.027526	7.000000	0.083333
4624152e-6eea-45ac-bf4d-b98a9c855532	de607b08-77ac-47df-a859-4d6839e97407	0.871802	0.634624	4.000000	0.076923
27575df1-a8f3-48dd-ad82-60c8da4f9500	d1b34a08-a532-401c-a066-ead591721a81	0.585650	0.984712	7.000000	0.027778
4cbc504f-6893-4b11-908f-52343e35a11d	d1b34a08-a532-401c-a066-ead591721a81	0.653147	0.404221	6.000000	0.000000
d1b34a08-a532-401c-a066-ead591721a81	4cbc504f-6893-4b11-908f-52343e35a11d	0.653147	0.462883	6.000000	0.000000
988c05d5-c93f-47d9-8d49-816f72aa9ccf	117d3999-59c8-475a-aafd-5bac1142cbb7	0.851183	1.493371	5.000000	0.192308
9511bbc6-c62e-4a72-bb17-93226565e37c	117d3999-59c8-475a-aafd-5bac1142cbb7	0.915121	1.279734	4.000000	0.142857
17dcd45c-be78-4194-bfe3-de8d4251350d	117d3999-59c8-475a-aafd-5bac1142cbb7	0.500000	0.925204	8.000000	0.000000
17dcd45c-be78-4194-bfe3-de8d4251350d	50c01b24-070c-4398-be08-dd799ac54102	0.954776	1.766726	2.000000	0.000000
71c967d2-b3c3-4bed-9dad-2ce78db74e81	50c01b24-070c-4398-be08-dd799ac54102	0.889229	1.355487	4.000000	0.103448
69a39a55-f465-46fe-8f63-6e8f797315f5	50c01b24-070c-4398-be08-dd799ac54102	0.989797	1.039080	1.000000	0.000000
9511bbc6-c62e-4a72-bb17-93226565e37c	50c01b24-070c-4398-be08-dd799ac54102	0.709131	0.991671	6.000000	0.107143
17dcd45c-be78-4194-bfe3-de8d4251350d	69a39a55-f465-46fe-8f63-6e8f797315f5	0.961590	1.779335	3.000000	0.090909
71c967d2-b3c3-4bed-9dad-2ce78db74e81	69a39a55-f465-46fe-8f63-6e8f797315f5	0.896398	1.366414	3.000000	0.000000
50c01b24-070c-4398-be08-dd799ac54102	69a39a55-f465-46fe-8f63-6e8f797315f5	0.989797	0.997474	1.000000	0.000000
9511bbc6-c62e-4a72-bb17-93226565e37c	69a39a55-f465-46fe-8f63-6e8f797315f5	0.572919	0.801187	7.000000	0.000000
4881bf5f-fc28-4074-b84a-765edf52d4ad	69a39a55-f465-46fe-8f63-6e8f797315f5	0.500000	0.423854	8.000000	0.000000
17dcd45c-be78-4194-bfe3-de8d4251350d	71c967d2-b3c3-4bed-9dad-2ce78db74e81	0.653147	1.208589	6.000000	0.000000
69a39a55-f465-46fe-8f63-6e8f797315f5	71c967d2-b3c3-4bed-9dad-2ce78db74e81	0.896398	0.941031	3.000000	0.000000
50c01b24-070c-4398-be08-dd799ac54102	71c967d2-b3c3-4bed-9dad-2ce78db74e81	0.889229	0.896126	4.000000	0.103448
4881bf5f-fc28-4074-b84a-765edf52d4ad	71c967d2-b3c3-4bed-9dad-2ce78db74e81	0.737692	0.625348	5.000000	0.000000
7ea93f3d-d20a-48bc-806f-e24055e0e0e5	71c967d2-b3c3-4bed-9dad-2ce78db74e81	0.689183	0.536115	6.000000	0.068966
71c967d2-b3c3-4bed-9dad-2ce78db74e81	7ea93f3d-d20a-48bc-806f-e24055e0e0e5	0.689183	1.050548	6.000000	0.068966
4881bf5f-fc28-4074-b84a-765edf52d4ad	7ea93f3d-d20a-48bc-806f-e24055e0e0e5	0.989797	0.839058	1.000000	0.000000
71c967d2-b3c3-4bed-9dad-2ce78db74e81	4881bf5f-fc28-4074-b84a-765edf52d4ad	0.737692	1.124493	5.000000	0.000000
7ea93f3d-d20a-48bc-806f-e24055e0e0e5	4881bf5f-fc28-4074-b84a-765edf52d4ad	0.989797	0.769962	1.000000	0.000000
69a39a55-f465-46fe-8f63-6e8f797315f5	4881bf5f-fc28-4074-b84a-765edf52d4ad	0.500000	0.524896	8.000000	0.000000
667d5602-0bff-41fb-aace-67e1e24b9dd9	25e72890-5f44-4bd2-9bd1-eb4812d93102	1.168421	1.167346	0.000000	0.210526
cc56334a-4455-4a29-bb82-2892d996cd5a	983dd73f-8341-430b-bf2c-655b4670c871	0.807122	0.559634	5.000000	0.117647
0172614a-7976-4e89-acb5-e3ae419e3df4	983dd73f-8341-430b-bf2c-655b4670c871	0.653147	0.389083	6.000000	0.000000
1a512002-f84b-408f-a61b-5727882beb23	0172614a-7976-4e89-acb5-e3ae419e3df4	0.857763	0.674708	4.000000	0.055556
1614259e-c197-4542-b694-0c4ad173693b	0172614a-7976-4e89-acb5-e3ae419e3df4	0.653147	0.441462	6.000000	0.000000
983dd73f-8341-430b-bf2c-655b4670c871	0172614a-7976-4e89-acb5-e3ae419e3df4	0.653147	0.398827	6.000000	0.000000
1a512002-f84b-408f-a61b-5727882beb23	1614259e-c197-4542-b694-0c4ad173693b	0.954776	0.751018	2.000000	0.000000
3046803e-bc6a-48ef-8a9f-220b2d77cd33	1614259e-c197-4542-b694-0c4ad173693b	0.572919	0.454364	7.000000	0.000000
0172614a-7976-4e89-acb5-e3ae419e3df4	1614259e-c197-4542-b694-0c4ad173693b	0.653147	0.389083	6.000000	0.000000
bbae1c6c-7c71-4f53-9a2f-b8a5f4ee03ec	557e249e-1266-4ff6-8e3e-e26698f055f3	0.896398	0.626000	3.000000	0.000000
3046803e-bc6a-48ef-8a9f-220b2d77cd33	557e249e-1266-4ff6-8e3e-e26698f055f3	0.664758	0.527200	6.000000	0.022222
12cb132b-8882-458f-9dfb-378dfd40da62	557e249e-1266-4ff6-8e3e-e26698f055f3	0.592846	0.412363	7.000000	0.043478
9c7521da-ffdd-49cd-a644-e77d5928689e	557e249e-1266-4ff6-8e3e-e26698f055f3	0.500000	0.346786	8.000000	0.000000
3046803e-bc6a-48ef-8a9f-220b2d77cd33	bbae1c6c-7c71-4f53-9a2f-b8a5f4ee03ec	0.912334	0.723544	3.000000	0.022222
557e249e-1266-4ff6-8e3e-e26698f055f3	bbae1c6c-7c71-4f53-9a2f-b8a5f4ee03ec	0.896398	0.584729	3.000000	0.000000
9c7521da-ffdd-49cd-a644-e77d5928689e	12cb132b-8882-458f-9dfb-378dfd40da62	1.058652	0.734251	1.000000	0.086957
557e249e-1266-4ff6-8e3e-e26698f055f3	12cb132b-8882-458f-9dfb-378dfd40da62	0.592846	0.386719	7.000000	0.043478
12cb132b-8882-458f-9dfb-378dfd40da62	9c7521da-ffdd-49cd-a644-e77d5928689e	1.058652	0.736362	1.000000	0.086957
d95fe032-6714-419d-9c1f-5d7c8db14766	9c7521da-ffdd-49cd-a644-e77d5928689e	0.500000	0.407720	8.000000	0.000000
557e249e-1266-4ff6-8e3e-e26698f055f3	9c7521da-ffdd-49cd-a644-e77d5928689e	0.500000	0.326155	8.000000	0.000000
ba721fdf-eb75-4c27-b520-dfe419417cd2	d95fe032-6714-419d-9c1f-5d7c8db14766	1.133001	1.857630	2.000000	0.233333
9c7521da-ffdd-49cd-a644-e77d5928689e	d95fe032-6714-419d-9c1f-5d7c8db14766	0.500000	0.346786	8.000000	0.000000
d95fe032-6714-419d-9c1f-5d7c8db14766	ba721fdf-eb75-4c27-b520-dfe419417cd2	1.133001	0.923893	2.000000	0.233333
20295f0e-9fce-4ccc-85d2-099cee61af98	33d70d59-662d-4ee6-aed1-f90dd058575f	0.975420	1.026974	2.000000	0.027027
53a19fab-3153-455b-b473-a23d83831401	046f0c43-26c3-447e-a8ba-65200700370f	0.682176	0.669677	6.000000	0.055556
f6af0064-6af4-4531-af1f-4dd901dfe895	046f0c43-26c3-447e-a8ba-65200700370f	0.572919	0.336677	7.000000	0.000000
4eea71d1-20f3-46af-8d16-3e242ce9ad14	f6af0064-6af4-4531-af1f-4dd901dfe895	0.737692	0.449170	5.000000	0.000000
f55b33d7-d96a-41fb-ba84-56af1e27e71b	f6af0064-6af4-4531-af1f-4dd901dfe895	0.572919	0.439302	7.000000	0.000000
046f0c43-26c3-447e-a8ba-65200700370f	f6af0064-6af4-4531-af1f-4dd901dfe895	0.572919	0.326597	7.000000	0.000000
f55b33d7-d96a-41fb-ba84-56af1e27e71b	4eea71d1-20f3-46af-8d16-3e242ce9ad14	1.050254	0.805312	2.000000	0.125000
f6af0064-6af4-4531-af1f-4dd901dfe895	4eea71d1-20f3-46af-8d16-3e242ce9ad14	0.737692	0.433507	5.000000	0.000000
b0a8ea10-14ad-43a2-a3f7-cea38c74740e	bfee0b3f-f6d8-4f0b-a2b6-9790114249ab	0.896398	0.769921	3.000000	0.000000
a38a05fb-1f5c-4335-a178-4add07670274	bfee0b3f-f6d8-4f0b-a2b6-9790114249ab	0.630210	0.414656	7.000000	0.125000
87fcb001-1c0c-462c-9332-e866d113b041	a38a05fb-1f5c-4335-a178-4add07670274	0.956158	1.448139	3.000000	0.083333
bfee0b3f-f6d8-4f0b-a2b6-9790114249ab	a38a05fb-1f5c-4335-a178-4add07670274	0.630210	0.374022	7.000000	0.125000
a38a05fb-1f5c-4335-a178-4add07670274	87fcb001-1c0c-462c-9332-e866d113b041	0.956158	0.629117	3.000000	0.083333
ca30e772-7096-40eb-98d4-68051c0ec949	d27bfdfb-29ef-4a7a-b5ce-70853b7ac2c6	0.587242	1.109526	7.000000	0.031250
b741aaa0-7f69-44be-a50e-801ececef9ec	d27bfdfb-29ef-4a7a-b5ce-70853b7ac2c6	0.954776	1.083675	2.000000	0.000000
561be1e9-150c-46db-b28b-568c5a463d65	d27bfdfb-29ef-4a7a-b5ce-70853b7ac2c6	1.042586	1.037093	1.000000	0.066667
a2583c9b-e055-443f-9222-19f9fc85b011	d27bfdfb-29ef-4a7a-b5ce-70853b7ac2c6	0.954776	0.982628	2.000000	0.000000
d27bfdfb-29ef-4a7a-b5ce-70853b7ac2c6	561be1e9-150c-46db-b28b-568c5a463d65	1.042586	1.870809	1.000000	0.066667
ca30e772-7096-40eb-98d4-68051c0ec949	561be1e9-150c-46db-b28b-568c5a463d65	0.718462	1.357451	6.000000	0.125000
b741aaa0-7f69-44be-a50e-801ececef9ec	561be1e9-150c-46db-b28b-568c5a463d65	1.039821	1.180202	3.000000	0.200000
a2583c9b-e055-443f-9222-19f9fc85b011	561be1e9-150c-46db-b28b-568c5a463d65	0.989797	1.018670	1.000000	0.000000
d27bfdfb-29ef-4a7a-b5ce-70853b7ac2c6	a2583c9b-e055-443f-9222-19f9fc85b011	0.954776	1.713244	2.000000	0.000000
ca30e772-7096-40eb-98d4-68051c0ec949	a2583c9b-e055-443f-9222-19f9fc85b011	0.756134	1.428629	5.000000	0.031250
561be1e9-150c-46db-b28b-568c5a463d65	a2583c9b-e055-443f-9222-19f9fc85b011	0.989797	0.984582	1.000000	0.000000
b741aaa0-7f69-44be-a50e-801ececef9ec	a2583c9b-e055-443f-9222-19f9fc85b011	0.821262	0.932136	4.000000	0.000000
dfd9d234-d962-4a83-a01b-5ca895ea4297	0184d01a-0f0e-4d16-a2d1-8d51c860a9f2	1.000000	0.537663	0.000000	0.000000
0184d01a-0f0e-4d16-a2d1-8d51c860a9f2	dfd9d234-d962-4a83-a01b-5ca895ea4297	1.000000	0.537122	0.000000	0.000000
db75e17f-8e71-45f3-91cb-9fa95513fee8	629985c0-a2a0-47c4-9c70-f27d246e2aca	0.774577	0.498115	5.000000	0.062500
d65b533c-c642-492a-a3dc-126cc9df2241	629985c0-a2a0-47c4-9c70-f27d246e2aca	0.774577	0.444671	5.000000	0.062500
db75e17f-8e71-45f3-91cb-9fa95513fee8	d65b533c-c642-492a-a3dc-126cc9df2241	1.109091	0.713235	0.000000	0.136364
069e0fa3-2d68-45a5-a577-83b06df27082	d65b533c-c642-492a-a3dc-126cc9df2241	0.821262	0.515158	4.000000	0.000000
c6124ba7-a17f-42c0-8154-986b980c93a3	d65b533c-c642-492a-a3dc-126cc9df2241	0.829494	0.467742	5.000000	0.155556
629985c0-a2a0-47c4-9c70-f27d246e2aca	d65b533c-c642-492a-a3dc-126cc9df2241	0.774577	0.410320	5.000000	0.062500
fbab2af1-9abf-4d96-9e2d-638a3449585b	d65b533c-c642-492a-a3dc-126cc9df2241	0.635419	0.391912	7.000000	0.136364
d65b533c-c642-492a-a3dc-126cc9df2241	db75e17f-8e71-45f3-91cb-9fa95513fee8	1.109091	0.636710	0.000000	0.136364
069e0fa3-2d68-45a5-a577-83b06df27082	db75e17f-8e71-45f3-91cb-9fa95513fee8	0.821262	0.515158	4.000000	0.000000
c6124ba7-a17f-42c0-8154-986b980c93a3	db75e17f-8e71-45f3-91cb-9fa95513fee8	0.750807	0.423371	5.000000	0.022222
629985c0-a2a0-47c4-9c70-f27d246e2aca	db75e17f-8e71-45f3-91cb-9fa95513fee8	0.774577	0.410320	5.000000	0.062500
fbab2af1-9abf-4d96-9e2d-638a3449585b	db75e17f-8e71-45f3-91cb-9fa95513fee8	0.611113	0.376921	7.000000	0.083333
069e0fa3-2d68-45a5-a577-83b06df27082	c6124ba7-a17f-42c0-8154-986b980c93a3	0.989797	0.620876	1.000000	0.000000
fbab2af1-9abf-4d96-9e2d-638a3449585b	c6124ba7-a17f-42c0-8154-986b980c93a3	0.971750	0.599353	2.000000	0.022222
db75e17f-8e71-45f3-91cb-9fa95513fee8	c6124ba7-a17f-42c0-8154-986b980c93a3	0.750807	0.482829	5.000000	0.022222
d65b533c-c642-492a-a3dc-126cc9df2241	c6124ba7-a17f-42c0-8154-986b980c93a3	0.829494	0.476198	5.000000	0.155556
d8d6eb66-6a05-40ce-8a91-216ca4786e61	c6124ba7-a17f-42c0-8154-986b980c93a3	0.653147	0.385463	6.000000	0.000000
c6124ba7-a17f-42c0-8154-986b980c93a3	069e0fa3-2d68-45a5-a577-83b06df27082	0.989797	0.558135	1.000000	0.000000
fbab2af1-9abf-4d96-9e2d-638a3449585b	069e0fa3-2d68-45a5-a577-83b06df27082	0.896398	0.552878	3.000000	0.000000
db75e17f-8e71-45f3-91cb-9fa95513fee8	069e0fa3-2d68-45a5-a577-83b06df27082	0.821262	0.528138	4.000000	0.000000
d65b533c-c642-492a-a3dc-126cc9df2241	069e0fa3-2d68-45a5-a577-83b06df27082	0.821262	0.471473	4.000000	0.000000
d8d6eb66-6a05-40ce-8a91-216ca4786e61	069e0fa3-2d68-45a5-a577-83b06df27082	0.572919	0.338115	7.000000	0.000000
069e0fa3-2d68-45a5-a577-83b06df27082	fbab2af1-9abf-4d96-9e2d-638a3449585b	0.896398	0.562289	3.000000	0.000000
c6124ba7-a17f-42c0-8154-986b980c93a3	fbab2af1-9abf-4d96-9e2d-638a3449585b	0.971750	0.547959	2.000000	0.022222
d8d6eb66-6a05-40ce-8a91-216ca4786e61	fbab2af1-9abf-4d96-9e2d-638a3449585b	0.821262	0.484679	4.000000	0.000000
db75e17f-8e71-45f3-91cb-9fa95513fee8	fbab2af1-9abf-4d96-9e2d-638a3449585b	0.611113	0.392995	7.000000	0.083333
d65b533c-c642-492a-a3dc-126cc9df2241	fbab2af1-9abf-4d96-9e2d-638a3449585b	0.635419	0.364783	7.000000	0.136364
fbab2af1-9abf-4d96-9e2d-638a3449585b	d8d6eb66-6a05-40ce-8a91-216ca4786e61	0.821262	0.506536	4.000000	0.000000
9526aede-4666-4dcb-b5bf-cc8d0b4f6aeb	d8d6eb66-6a05-40ce-8a91-216ca4786e61	0.896398	0.453846	3.000000	0.000000
c6124ba7-a17f-42c0-8154-986b980c93a3	d8d6eb66-6a05-40ce-8a91-216ca4786e61	0.653147	0.368302	6.000000	0.000000
069e0fa3-2d68-45a5-a577-83b06df27082	d8d6eb66-6a05-40ce-8a91-216ca4786e61	0.572919	0.359378	7.000000	0.000000
d8d6eb66-6a05-40ce-8a91-216ca4786e61	9526aede-4666-4dcb-b5bf-cc8d0b4f6aeb	0.896398	0.529021	3.000000	0.000000
fbab2af1-9abf-4d96-9e2d-638a3449585b	9526aede-4666-4dcb-b5bf-cc8d0b4f6aeb	0.572919	0.353363	7.000000	0.000000
bb54278b-fe8c-4a98-8386-a5c737ed0c00	f90e215d-ac59-4a71-93d1-7b719df620fc	1.024224	0.689568	1.000000	0.043478
8b4d33b7-e536-48bc-9414-588ebf8adf0f	f90e215d-ac59-4a71-93d1-7b719df620fc	0.667661	0.487653	6.000000	0.027778
ab38281a-99d5-4ae6-8613-1902525ddaae	f90e215d-ac59-4a71-93d1-7b719df620fc	0.789010	0.462336	5.000000	0.086957
bb54278b-fe8c-4a98-8386-a5c737ed0c00	ab38281a-99d5-4ae6-8613-1902525ddaae	0.783776	0.527685	6.000000	0.250000
f90e215d-ac59-4a71-93d1-7b719df620fc	ab38281a-99d5-4ae6-8613-1902525ddaae	0.789010	0.475387	5.000000	0.086957
f90e215d-ac59-4a71-93d1-7b719df620fc	bb54278b-fe8c-4a98-8386-a5c737ed0c00	1.024224	0.617106	1.000000	0.043478
8b4d33b7-e536-48bc-9414-588ebf8adf0f	bb54278b-fe8c-4a98-8386-a5c737ed0c00	0.737692	0.538803	5.000000	0.000000
ab38281a-99d5-4ae6-8613-1902525ddaae	bb54278b-fe8c-4a98-8386-a5c737ed0c00	0.783776	0.459270	6.000000	0.250000
4c51bc38-f31d-419c-8ac8-16e90002b472	8b4d33b7-e536-48bc-9414-588ebf8adf0f	0.682176	1.345529	6.000000	0.055556
bb54278b-fe8c-4a98-8386-a5c737ed0c00	8b4d33b7-e536-48bc-9414-588ebf8adf0f	0.737692	0.496658	5.000000	0.000000
11cd8d35-9d20-496d-937e-6e48e1f04829	8b4d33b7-e536-48bc-9414-588ebf8adf0f	0.522222	0.461417	8.000000	0.055556
f90e215d-ac59-4a71-93d1-7b719df620fc	8b4d33b7-e536-48bc-9414-588ebf8adf0f	0.667661	0.402273	6.000000	0.027778
4c51bc38-f31d-419c-8ac8-16e90002b472	11cd8d35-9d20-496d-937e-6e48e1f04829	1.072287	2.114987	2.000000	0.153846
1662ebf6-5901-491a-b17d-9a1267f81884	11cd8d35-9d20-496d-937e-6e48e1f04829	0.896398	0.800860	3.000000	0.000000
ca5725ed-069d-4441-bd92-ba391029c106	11cd8d35-9d20-496d-937e-6e48e1f04829	0.500000	0.549562	8.000000	0.000000
8b4d33b7-e536-48bc-9414-588ebf8adf0f	11cd8d35-9d20-496d-937e-6e48e1f04829	0.522222	0.381426	8.000000	0.055556
4c51bc38-f31d-419c-8ac8-16e90002b472	1662ebf6-5901-491a-b17d-9a1267f81884	0.737692	1.455030	5.000000	0.000000
ca5725ed-069d-4441-bd92-ba391029c106	1662ebf6-5901-491a-b17d-9a1267f81884	0.737692	0.810815	5.000000	0.000000
11cd8d35-9d20-496d-937e-6e48e1f04829	1662ebf6-5901-491a-b17d-9a1267f81884	0.896398	0.792025	3.000000	0.000000
1bd320eb-7115-40b1-81e9-c10f717f3f75	b66188ab-1a66-4365-8cbe-5cdaf69317e3	0.947620	1.089589	3.000000	0.071429
ca5725ed-069d-4441-bd92-ba391029c106	b66188ab-1a66-4365-8cbe-5cdaf69317e3	0.836905	0.919862	4.000000	0.023810
4075e064-ec4e-4481-a413-25531b3c6b22	b66188ab-1a66-4365-8cbe-5cdaf69317e3	0.560870	0.498219	8.000000	0.152174
e7d5d9c9-ed6c-41b5-a56b-1df5a1dcd45b	4075e064-ec4e-4481-a413-25531b3c6b22	1.120824	1.903836	2.000000	0.217391
1bd320eb-7115-40b1-81e9-c10f717f3f75	4075e064-ec4e-4481-a413-25531b3c6b22	0.801839	0.921967	5.000000	0.108696
b66188ab-1a66-4365-8cbe-5cdaf69317e3	4075e064-ec4e-4481-a413-25531b3c6b22	0.560870	0.491617	8.000000	0.152174
dc6d1d3f-9a9d-464d-a7ea-b2ee45a8fcb8	4075e064-ec4e-4481-a413-25531b3c6b22	0.500000	0.343579	8.000000	0.000000
e7d5d9c9-ed6c-41b5-a56b-1df5a1dcd45b	dc6d1d3f-9a9d-464d-a7ea-b2ee45a8fcb8	0.668076	1.134797	6.000000	0.028571
4075e064-ec4e-4481-a413-25531b3c6b22	dc6d1d3f-9a9d-464d-a7ea-b2ee45a8fcb8	0.500000	0.444149	8.000000	0.000000
02f19fc5-e16f-4686-b08a-9b56c5525d26	78789b53-4982-44e8-b53c-067923c1d101	0.583578	0.324587	7.000000	0.023256
56640e8a-0f33-4d22-b2fa-43610074360a	78789b53-4982-44e8-b53c-067923c1d101	0.537209	0.266588	8.000000	0.093023
02f19fc5-e16f-4686-b08a-9b56c5525d26	56640e8a-0f33-4d22-b2fa-43610074360a	0.989797	0.550528	1.000000	0.000000
19ea1043-07ba-4944-a647-68572ad533f0	56640e8a-0f33-4d22-b2fa-43610074360a	0.896398	0.491313	3.000000	0.000000
78789b53-4982-44e8-b53c-067923c1d101	56640e8a-0f33-4d22-b2fa-43610074360a	0.537209	0.270499	8.000000	0.093023
56640e8a-0f33-4d22-b2fa-43610074360a	02f19fc5-e16f-4686-b08a-9b56c5525d26	0.989797	0.491182	1.000000	0.000000
19ea1043-07ba-4944-a647-68572ad533f0	02f19fc5-e16f-4686-b08a-9b56c5525d26	0.821262	0.450132	4.000000	0.000000
78789b53-4982-44e8-b53c-067923c1d101	02f19fc5-e16f-4686-b08a-9b56c5525d26	0.583578	0.293846	7.000000	0.023256
02f19fc5-e16f-4686-b08a-9b56c5525d26	19ea1043-07ba-4944-a647-68572ad533f0	0.821262	0.456788	4.000000	0.000000
56640e8a-0f33-4d22-b2fa-43610074360a	19ea1043-07ba-4944-a647-68572ad533f0	0.896398	0.444834	3.000000	0.000000
9392d3b2-1dc9-4a6c-b90f-0d0ad44277ef	ff491b3c-084f-421c-8e2f-49208a633b0a	0.843534	0.640730	4.000000	0.033898
d9e864a3-ecf6-4438-b2d7-3291146cd19b	ff491b3c-084f-421c-8e2f-49208a633b0a	1.097164	0.614074	1.000000	0.135593
4a842049-b5e1-4379-90e4-0ab8f20aec40	ff491b3c-084f-421c-8e2f-49208a633b0a	0.989797	0.538354	1.000000	0.000000
9392d3b2-1dc9-4a6c-b90f-0d0ad44277ef	4a842049-b5e1-4379-90e4-0ab8f20aec40	0.737692	0.560335	5.000000	0.000000
d9e864a3-ecf6-4438-b2d7-3291146cd19b	4a842049-b5e1-4379-90e4-0ab8f20aec40	0.954776	0.534381	2.000000	0.000000
ff491b3c-084f-421c-8e2f-49208a633b0a	4a842049-b5e1-4379-90e4-0ab8f20aec40	0.989797	0.476878	1.000000	0.000000
9392d3b2-1dc9-4a6c-b90f-0d0ad44277ef	d9e864a3-ecf6-4438-b2d7-3291146cd19b	0.913075	0.693552	3.000000	0.023256
ff491b3c-084f-421c-8e2f-49208a633b0a	d9e864a3-ecf6-4438-b2d7-3291146cd19b	1.097164	0.528607	1.000000	0.135593
4a842049-b5e1-4379-90e4-0ab8f20aec40	d9e864a3-ecf6-4438-b2d7-3291146cd19b	0.954776	0.519306	2.000000	0.000000
d1e4effe-518d-4154-a29f-b763bb4b3e86	d9e864a3-ecf6-4438-b2d7-3291146cd19b	0.527907	0.254342	8.000000	0.069767
9392d3b2-1dc9-4a6c-b90f-0d0ad44277ef	d1e4effe-518d-4154-a29f-b763bb4b3e86	0.779846	0.592354	5.000000	0.071429
d9e864a3-ecf6-4438-b2d7-3291146cd19b	d1e4effe-518d-4154-a29f-b763bb4b3e86	0.527907	0.295465	8.000000	0.069767
2a6b89a7-3de3-4f2a-9a7e-93cfd2183426	6efb3d03-583b-41b0-9758-30d35436408a	0.868192	0.423723	4.000000	0.071429
6efb3d03-583b-41b0-9758-30d35436408a	2a6b89a7-3de3-4f2a-9a7e-93cfd2183426	0.868192	0.438663	4.000000	0.071429
0ed74c20-a5eb-45bc-b3dc-d2365666d9ca	c4bed78f-1ed0-48c9-a3a3-e5842de9e740	0.572919	0.533056	7.000000	0.000000
f3059f31-259b-498e-b86d-f8ef10734d40	c4bed78f-1ed0-48c9-a3a3-e5842de9e740	1.040266	0.482201	4.000000	0.333333
0ed74c20-a5eb-45bc-b3dc-d2365666d9ca	f3059f31-259b-498e-b86d-f8ef10734d40	0.896398	0.834027	3.000000	0.000000
c4bed78f-1ed0-48c9-a3a3-e5842de9e740	f3059f31-259b-498e-b86d-f8ef10734d40	1.040266	0.480670	4.000000	0.333333
554aba7c-6e38-4652-ba21-7fc873169eb1	b317171a-d940-4f08-b27c-ffe176461996	0.653147	0.543241	6.000000	0.000000
a8d073f6-cb82-4569-a6ea-be5c14642bf2	b317171a-d940-4f08-b27c-ffe176461996	0.814669	0.486427	5.000000	0.130435
e6ee28a6-b0e0-42f7-9aab-39026189a4e6	b317171a-d940-4f08-b27c-ffe176461996	0.572919	0.374506	7.000000	0.000000
ac0c96bc-53f4-4fe5-ba71-196cfa3298e1	b317171a-d940-4f08-b27c-ffe176461996	0.534783	0.318858	8.000000	0.086957
e6ee28a6-b0e0-42f7-9aab-39026189a4e6	a8d073f6-cb82-4569-a6ea-be5c14642bf2	0.954776	0.624119	2.000000	0.000000
ac0c96bc-53f4-4fe5-ba71-196cfa3298e1	a8d073f6-cb82-4569-a6ea-be5c14642bf2	0.944206	0.562971	3.000000	0.066667
b317171a-d940-4f08-b27c-ffe176461996	a8d073f6-cb82-4569-a6ea-be5c14642bf2	0.814669	0.452219	5.000000	0.130435
e6ee28a6-b0e0-42f7-9aab-39026189a4e6	ac0c96bc-53f4-4fe5-ba71-196cfa3298e1	0.989797	0.647011	1.000000	0.000000
a8d073f6-cb82-4569-a6ea-be5c14642bf2	ac0c96bc-53f4-4fe5-ba71-196cfa3298e1	0.944206	0.563772	3.000000	0.066667
0f88535c-8ffa-419d-a064-bf455b3c10a6	ac0c96bc-53f4-4fe5-ba71-196cfa3298e1	0.740233	0.460515	6.000000	0.166667
f5e4da7f-221b-40cc-b710-7103af011701	ac0c96bc-53f4-4fe5-ba71-196cfa3298e1	0.687502	0.370409	7.000000	0.250000
b317171a-d940-4f08-b27c-ffe176461996	ac0c96bc-53f4-4fe5-ba71-196cfa3298e1	0.534783	0.296855	8.000000	0.086957
ac0c96bc-53f4-4fe5-ba71-196cfa3298e1	e6ee28a6-b0e0-42f7-9aab-39026189a4e6	0.989797	0.590154	1.000000	0.000000
a8d073f6-cb82-4569-a6ea-be5c14642bf2	e6ee28a6-b0e0-42f7-9aab-39026189a4e6	0.954776	0.570083	2.000000	0.000000
0f88535c-8ffa-419d-a064-bf455b3c10a6	e6ee28a6-b0e0-42f7-9aab-39026189a4e6	0.572919	0.356425	7.000000	0.000000
b317171a-d940-4f08-b27c-ffe176461996	e6ee28a6-b0e0-42f7-9aab-39026189a4e6	0.572919	0.318024	7.000000	0.000000
f5e4da7f-221b-40cc-b710-7103af011701	e6ee28a6-b0e0-42f7-9aab-39026189a4e6	0.500000	0.269388	8.000000	0.000000
0f88535c-8ffa-419d-a064-bf455b3c10a6	f5e4da7f-221b-40cc-b710-7103af011701	1.148164	0.714298	1.000000	0.200000
ac0c96bc-53f4-4fe5-ba71-196cfa3298e1	f5e4da7f-221b-40cc-b710-7103af011701	0.687502	0.409915	7.000000	0.250000
e6ee28a6-b0e0-42f7-9aab-39026189a4e6	f5e4da7f-221b-40cc-b710-7103af011701	0.500000	0.326840	8.000000	0.000000
f5e4da7f-221b-40cc-b710-7103af011701	0f88535c-8ffa-419d-a064-bf455b3c10a6	1.148164	0.618603	1.000000	0.200000
ac0c96bc-53f4-4fe5-ba71-196cfa3298e1	0f88535c-8ffa-419d-a064-bf455b3c10a6	0.740233	0.441355	6.000000	0.166667
e6ee28a6-b0e0-42f7-9aab-39026189a4e6	0f88535c-8ffa-419d-a064-bf455b3c10a6	0.572919	0.374506	7.000000	0.000000